sigPos,sigNeg,pdPos,hwPos,cccPos,pdNeg,hwNeg,cccNeg,si
1.00000,0.00000,2.50000,1.50000,0.01464,0.00000,0.00000,0.00000,0.22458
1.00000,0.00000,2.50000,1.50000,0.03195,0.00000,0.00000,0.00000,0.27154
1.00000,0.00000,2.50000,1.00000,0.01170,0.00000,0.00000,0.00000,0.29477
0.00000,0.00000,30.50000,NaN,0.00368,0.00000,0.00000,0.00000,0.08170
0.00000,0.00000,2.50000,NaN,0.00290,0.00000,0.00000,0.00000,0.07687
0.00000,0.00000,2.50000,NaN,0.00581,0.00000,0.00000,0.00000,0.09671
1.00000,0.00000,2.00000,3.50000,0.01758,0.00000,0.00000,0.00000,0.21674
0.00000,0.00000,3.00000,NaN,0.00550,0.00000,0.00000,0.00000,0.17598
1.00000,0.00000,4.00000,3.00000,0.00524,0.00000,0.00000,0.00000,0.05106
1.00000,0.00000,1.00000,1.00000,0.02109,0.00000,0.00000,0.00000,0.14576
1.00000,0.00000,-1.00000,1.00000,0.01191,0.00000,0.00000,0.00000,0.22051
1.00000,0.00000,1.50000,3.00000,0.02505,0.00000,0.00000,0.00000,0.08549
1.00000,0.00000,1.00000,1.00000,0.00961,0.00000,0.00000,0.00000,0.07618
1.00000,0.00000,-1.50000,2.00000,0.01169,0.00000,0.00000,0.00000,0.42028
1.00000,0.00000,-2.00000,1.00000,0.01819,0.00000,0.00000,0.00000,0.11381
0.00000,0.00000,3.00000,NaN,0.00400,0.00000,0.00000,0.00000,0.07681
0.00000,0.00000,-26.50000,NaN,0.00656,0.00000,0.00000,0.00000,0.50775
1.00000,0.00000,4.00000,1.50000,0.02350,0.00000,0.00000,0.00000,0.14540
1.00000,0.00000,1.00000,5.50000,0.01721,0.00000,0.00000,0.00000,0.37044
1.00000,0.00000,0.00000,1.00000,0.05143,0.00000,0.00000,0.00000,0.16125
1.00000,0.00000,0.50000,2.00000,0.02916,0.00000,0.00000,0.00000,0.16667
1.00000,0.00000,-2.00000,1.50000,0.00541,0.00000,0.00000,0.00000,0.05137
1.00000,0.00000,1.50000,1.00000,0.02252,0.00000,0.00000,0.00000,0.01020
1.00000,0.00000,1.50000,1.50000,0.03701,0.00000,0.00000,0.00000,0.28683
1.00000,0.00000,1.50000,5.00000,0.05664,0.00000,0.00000,0.00000,0.20569
1.00000,0.00000,4.00000,5.00000,0.03189,0.00000,0.00000,0.00000,0.28891
0.00000,0.00000,5.50000,NaN,0.01066,0.00000,0.00000,0.00000,0.38246
0.00000,0.00000,1.00000,NaN,0.00499,0.00000,0.00000,0.00000,0.06176
0.00000,0.00000,-1.00000,NaN,0.00725,0.00000,0.00000,0.00000,0.23699
1.00000,0.00000,-3.50000,2.50000,0.02381,0.00000,0.00000,0.00000,0.27298
1.00000,0.00000,4.00000,1.50000,0.04021,0.00000,0.00000,0.00000,0.23860
0.00000,0.00000,3.50000,NaN,0.03182,0.00000,0.00000,0.00000,0.18007
1.00000,0.00000,4.00000,5.00000,0.01319,0.00000,0.00000,0.00000,0.38025
1.00000,0.00000,-1.50000,3.00000,0.01863,0.00000,0.00000,0.00000,0.33570
1.00000,0.00000,-1.00000,2.00000,0.00907,0.00000,0.00000,0.00000,0.31592
1.00000,0.00000,-2.50000,1.50000,0.03507,0.00000,0.00000,0.00000,0.66139
0.00000,0.00000,-2.00000,NaN,0.02000,0.00000,0.00000,0.00000,0.62363
0.00000,0.00000,-38.00000,NaN,0.01237,0.00000,0.00000,0.00000,0.46825
1.00000,0.00000,1.50000,1.50000,0.01156,0.00000,0.00000,0.00000,0.62027
0.00000,0.00000,6.50000,NaN,0.02456,0.00000,0.00000,0.00000,0.37650
0.00000,0.00000,3.00000,NaN,0.02430,0.00000,0.00000,0.00000,0.52964
0.00000,0.00000,2.00000,NaN,0.02952,0.00000,0.00000,0.00000,0.21001
1.00000,0.00000,-1.50000,2.50000,0.03202,0.00000,0.00000,0.00000,0.40064
1.00000,0.00000,0.50000,1.00000,0.05172,0.00000,0.00000,0.00000,0.15206
0.00000,0.00000,0.50000,NaN,0.04870,0.00000,0.00000,0.00000,0.34393
0.00000,0.00000,4.00000,NaN,0.04642,0.00000,0.00000,0.00000,0.26197
0.00000,0.00000,9.50000,NaN,0.01504,0.00000,0.00000,0.00000,0.10706
0.00000,0.00000,-4.50000,NaN,0.01215,0.00000,0.00000,0.00000,0.37907
1.00000,0.00000,0.50000,1.00000,0.06408,0.00000,0.00000,0.00000,0.21800
1.00000,0.00000,2.50000,1.50000,0.01643,0.00000,0.00000,0.00000,0.61668
1.00000,0.00000,-2.00000,1.50000,0.03748,0.00000,0.00000,0.00000,0.28066
1.00000,0.00000,0.50000,3.50000,0.01531,0.00000,0.00000,0.00000,0.12883
1.00000,0.00000,0.50000,1.50000,0.01602,0.00000,0.00000,0.00000,0.09876
1.00000,0.00000,-1.00000,1.50000,0.02035,0.00000,0.00000,0.00000,0.09231
1.00000,0.00000,-0.50000,1.50000,0.00935,0.00000,0.00000,0.00000,0.22528
1.00000,0.00000,8.50000,1.00000,0.01343,0.00000,0.00000,0.00000,0.13536
1.00000,0.00000,-8.00000,1.00000,0.01331,0.00000,0.00000,0.00000,0.08967
0.00000,0.00000,-0.50000,NaN,0.00757,0.00000,0.00000,0.00000,0.16559
0.00000,0.00000,-12.50000,NaN,0.00785,0.00000,0.00000,0.00000,0.17208
1.00000,0.00000,-0.50000,1.00000,0.01438,0.00000,0.00000,0.00000,0.35023
1.00000,0.00000,1.50000,2.00000,0.03246,0.00000,0.00000,0.00000,0.46016
0.00000,0.00000,1.50000,NaN,0.01641,0.00000,0.00000,0.00000,0.25912
1.00000,0.00000,1.00000,1.00000,0.02887,0.00000,0.00000,0.00000,0.51563
0.00000,0.00000,0.50000,NaN,0.02058,0.00000,0.00000,0.00000,0.32094
1.00000,0.00000,8.00000,1.00000,0.01686,0.00000,0.00000,0.00000,0.43381
0.00000,0.00000,-33.50000,NaN,0.01397,0.00000,0.00000,0.00000,0.19130
1.00000,0.00000,0.50000,1.50000,0.03527,0.00000,0.00000,0.00000,0.27296
0.00000,0.00000,33.50000,NaN,0.09480,0.00000,0.00000,0.00000,0.34752
1.00000,0.00000,0.00000,1.50000,0.27984,0.00000,0.00000,0.00000,0.18674
1.00000,0.00000,1.50000,3.00000,0.15269,0.00000,0.00000,0.00000,0.18128
1.00000,0.00000,0.00000,1.50000,0.05975,0.00000,0.00000,0.00000,0.11263
0.00000,0.00000,33.50000,NaN,0.08721,0.00000,0.00000,0.00000,0.20125
1.00000,0.00000,-16.50000,1.00000,0.01884,0.00000,0.00000,0.00000,0.28532
0.00000,0.00000,0.50000,NaN,0.01255,0.00000,0.00000,0.00000,0.17523
0.00000,0.00000,4.00000,NaN,0.06491,0.00000,0.00000,0.00000,0.20136
1.00000,0.00000,5.00000,1.00000,0.04792,0.00000,0.00000,0.00000,0.07617
1.00000,0.00000,-8.50000,1.00000,0.07585,0.00000,0.00000,0.00000,0.24048
1.00000,0.00000,2.00000,2.50000,0.02474,0.00000,0.00000,0.00000,0.13323
1.00000,0.00000,-16.50000,1.00000,0.00728,0.00000,0.00000,0.00000,0.09946
1.00000,0.00000,-8.50000,1.00000,0.09166,0.00000,0.00000,0.00000,0.21369
1.00000,0.00000,8.00000,1.00000,0.05707,0.00000,0.00000,0.00000,0.23309
1.00000,0.00000,-2.00000,2.00000,0.00743,0.00000,0.00000,0.00000,0.32709
1.00000,0.00000,1.50000,2.00000,0.02630,0.00000,0.00000,0.00000,0.02036
1.00000,0.00000,-2.00000,1.50000,0.01390,0.00000,0.00000,0.00000,0.01659
1.00000,0.00000,8.00000,1.00000,0.04386,0.00000,0.00000,0.00000,0.00382
1.00000,0.00000,8.00000,1.50000,0.01686,0.00000,0.00000,0.00000,0.00904
1.00000,0.00000,16.50000,1.00000,0.04100,0.00000,0.00000,0.00000,0.09859
1.00000,0.00000,1.00000,1.00000,0.08862,0.00000,0.00000,0.00000,0.78292
1.00000,0.00000,2.00000,1.50000,0.00768,0.00000,0.00000,0.00000,0.82362
1.00000,0.00000,-8.00000,1.00000,0.03578,0.00000,0.00000,0.00000,0.11912
1.00000,0.00000,0.00000,1.50000,0.24562,0.00000,0.00000,0.00000,0.10746
0.00000,0.00000,33.50000,NaN,0.05613,0.00000,0.00000,0.00000,0.45489
0.00000,0.00000,33.50000,NaN,0.01180,0.00000,0.00000,0.00000,0.42544
1.00000,0.00000,-1.50000,1.50000,0.04190,0.00000,0.00000,0.00000,0.46255
1.00000,0.00000,-0.50000,1.00000,0.14401,0.00000,0.00000,0.00000,0.23302
1.00000,0.00000,-0.50000,1.00000,0.09565,0.00000,0.00000,0.00000,0.38855
1.00000,0.00000,1.50000,2.00000,0.02087,0.00000,0.00000,0.00000,0.30544
1.00000,0.00000,0.50000,1.00000,0.11373,0.00000,0.00000,0.00000,0.03712
1.00000,0.00000,-0.50000,1.00000,0.04247,0.00000,0.00000,0.00000,0.22645
1.00000,0.00000,-0.50000,1.50000,0.22765,0.00000,0.00000,0.00000,0.43308
1.00000,0.00000,0.50000,1.00000,0.01172,0.00000,0.00000,0.00000,0.81195
1.00000,0.00000,1.50000,3.00000,0.02509,0.00000,0.00000,0.00000,0.42662
1.00000,0.00000,1.00000,1.00000,0.04446,0.00000,0.00000,0.00000,0.51585
1.00000,0.00000,-0.50000,1.50000,0.01948,0.00000,0.00000,0.00000,0.37959
1.00000,0.00000,-0.50000,1.00000,0.04990,0.00000,0.00000,0.00000,0.44257
1.00000,0.00000,1.00000,1.00000,0.01413,0.00000,0.00000,0.00000,0.44024
1.00000,0.00000,-33.50000,1.50000,0.01046,0.00000,0.00000,0.00000,0.56260
1.00000,0.00000,1.00000,1.50000,0.01224,0.00000,0.00000,0.00000,0.56014
1.00000,0.00000,1.00000,1.00000,0.00818,0.00000,0.00000,0.00000,0.68315
0.00000,0.00000,-37.50000,NaN,0.02021,0.00000,0.00000,0.00000,0.05470
0.00000,0.00000,-25.00000,NaN,0.00617,0.00000,0.00000,0.00000,0.19993
1.00000,0.00000,-2.50000,1.00000,0.01188,0.00000,0.00000,0.00000,0.42661
1.00000,0.00000,1.50000,1.00000,0.00837,0.00000,0.00000,0.00000,0.42928
0.00000,0.00000,-0.50000,NaN,0.01765,0.00000,0.00000,0.00000,0.01345
1.00000,0.00000,5.00000,1.50000,0.03307,0.00000,0.00000,0.00000,0.11176
0.00000,0.00000,3.00000,NaN,0.02259,0.00000,0.00000,0.00000,0.04888
1.00000,0.00000,-3.00000,1.50000,0.00711,0.00000,0.00000,0.00000,0.25951
0.00000,0.00000,-33.50000,NaN,0.01031,0.00000,0.00000,0.00000,0.32667
1.00000,0.00000,3.00000,1.00000,0.00655,0.00000,0.00000,0.00000,0.54058
0.00000,0.00000,5.50000,NaN,0.06656,0.00000,0.00000,0.00000,0.06587
0.00000,0.00000,4.00000,NaN,0.01539,0.00000,0.00000,0.00000,0.07872
0.00000,0.00000,-2.00000,NaN,0.05561,0.00000,0.00000,0.00000,0.28221
1.00000,0.00000,1.00000,3.50000,0.02186,0.00000,0.00000,0.00000,0.34605
1.00000,0.00000,1.50000,1.50000,0.01772,0.00000,0.00000,0.00000,0.39342
1.00000,0.00000,-1.00000,2.00000,0.01299,0.00000,0.00000,0.00000,0.42290
0.00000,0.00000,-28.50000,NaN,0.00685,0.00000,0.00000,0.00000,0.30742
1.00000,0.00000,0.50000,1.00000,0.05549,0.00000,0.00000,0.00000,0.55759
1.00000,0.00000,-28.00000,1.50000,0.01032,0.00000,0.00000,0.00000,0.41177
1.00000,0.00000,1.50000,1.00000,0.01434,0.00000,0.00000,0.00000,0.63304
1.00000,0.00000,-1.00000,2.50000,0.01701,0.00000,0.00000,0.00000,0.11677
0.00000,0.00000,-3.50000,NaN,0.00434,0.00000,0.00000,0.00000,0.21466
1.00000,0.00000,2.50000,3.50000,0.03235,0.00000,0.00000,0.00000,0.00061
0.00000,0.00000,5.00000,NaN,0.02093,0.00000,0.00000,0.00000,0.00833
1.00000,0.00000,8.00000,3.50000,0.01347,0.00000,0.00000,0.00000,-0.00208
1.00000,0.00000,1.50000,1.50000,0.00905,0.00000,0.00000,0.00000,0.00733
1.00000,0.00000,-1.00000,1.50000,0.01028,0.00000,0.00000,0.00000,0.33707
0.00000,0.00000,-0.50000,NaN,0.01529,0.00000,0.00000,0.00000,0.58142
0.00000,0.00000,-33.00000,NaN,0.02122,0.00000,0.00000,0.00000,0.50445
0.00000,0.00000,-3.50000,NaN,0.01350,0.00000,0.00000,0.00000,0.36875
0.00000,0.00000,-16.50000,NaN,0.03375,0.00000,0.00000,0.00000,0.53665
0.00000,0.00000,-0.50000,NaN,0.03095,0.00000,0.00000,0.00000,0.54084
0.00000,0.00000,29.50000,NaN,0.00682,0.00000,0.00000,0.00000,0.41717
0.00000,0.00000,5.00000,NaN,0.01758,0.00000,0.00000,0.00000,0.57251
0.00000,0.00000,36.00000,NaN,0.00561,0.00000,0.00000,0.00000,0.66241
1.00000,0.00000,-8.50000,1.00000,0.00442,0.00000,0.00000,0.00000,0.63559
0.00000,0.00000,-33.50000,NaN,0.00513,0.00000,0.00000,0.00000,0.52661
0.00000,0.00000,0.00000,NaN,0.00722,0.00000,0.00000,0.00000,0.06434
0.00000,0.00000,-2.00000,NaN,0.03352,0.00000,0.00000,0.00000,0.15668
0.00000,0.00000,33.50000,NaN,0.02889,0.00000,0.00000,0.00000,0.16625
0.00000,0.00000,-1.50000,NaN,0.02782,0.00000,0.00000,0.00000,0.13369
0.00000,0.00000,1.00000,NaN,0.04683,0.00000,0.00000,0.00000,0.35484
1.00000,0.00000,-8.50000,1.00000,0.00741,0.00000,0.00000,0.00000,0.45380
1.00000,0.00000,1.50000,1.50000,0.02338,0.00000,0.00000,0.00000,0.15078
1.00000,0.00000,1.00000,3.00000,0.03486,0.00000,0.00000,0.00000,0.10916
1.00000,0.00000,0.50000,2.00000,0.06319,0.00000,0.00000,0.00000,0.17505
1.00000,0.00000,1.50000,1.50000,0.03912,0.00000,0.00000,0.00000,0.11059
1.00000,0.00000,1.50000,1.50000,0.09312,0.00000,0.00000,0.00000,0.20821
1.00000,0.00000,-1.50000,2.50000,0.01079,0.00000,0.00000,0.00000,0.11894
1.00000,0.00000,0.50000,2.50000,0.02148,0.00000,0.00000,0.00000,0.17018
1.00000,0.00000,1.50000,2.00000,0.02393,0.00000,0.00000,0.00000,0.25810
1.00000,0.00000,1.00000,2.00000,0.02033,0.00000,0.00000,0.00000,0.10829
1.00000,0.00000,1.00000,2.00000,0.02209,0.00000,0.00000,0.00000,0.17399
1.00000,0.00000,-1.00000,3.00000,0.03344,0.00000,0.00000,0.00000,0.26193
1.00000,0.00000,-1.00000,1.00000,0.02899,0.00000,0.00000,0.00000,0.23202
1.00000,0.00000,1.50000,2.50000,0.00868,0.00000,0.00000,0.00000,0.29419
1.00000,0.00000,-0.50000,1.50000,0.00907,0.00000,0.00000,0.00000,0.33649
1.00000,0.00000,1.00000,1.00000,0.02688,0.00000,0.00000,0.00000,0.36222
0.00000,0.00000,-2.50000,NaN,0.01774,0.00000,0.00000,0.00000,0.44986
0.00000,0.00000,3.00000,NaN,0.00674,0.00000,0.00000,0.00000,0.44353
0.00000,0.00000,34.50000,NaN,0.00782,0.00000,0.00000,0.00000,0.27575
0.00000,0.00000,1.00000,NaN,0.01285,0.00000,0.00000,0.00000,0.47654
1.00000,0.00000,-1.00000,1.00000,0.00480,0.00000,0.00000,0.00000,0.65472
0.00000,0.00000,0.50000,NaN,0.00766,0.00000,0.00000,0.00000,0.12426
1.00000,0.00000,-0.50000,1.50000,0.02334,0.00000,0.00000,0.00000,0.28342
1.00000,0.00000,1.00000,1.50000,0.04077,0.00000,0.00000,0.00000,0.44880
1.00000,0.00000,0.50000,1.50000,0.03685,0.00000,0.00000,0.00000,0.29463
0.00000,0.00000,1.00000,NaN,0.16037,0.00000,0.00000,0.00000,0.49396
1.00000,0.00000,-0.50000,1.00000,0.03546,0.00000,0.00000,0.00000,0.18050
0.00000,0.00000,0.00000,NaN,0.00663,0.00000,0.00000,0.00000,0.18392
1.00000,0.00000,2.00000,2.50000,0.02309,0.00000,0.00000,0.00000,0.21792
1.00000,0.00000,2.00000,2.50000,0.03102,0.00000,0.00000,0.00000,0.22006
1.00000,0.00000,0.50000,1.50000,0.03108,0.00000,0.00000,0.00000,0.33301
0.00000,0.00000,1.00000,NaN,0.03153,0.00000,0.00000,0.00000,0.37968
1.00000,0.00000,1.00000,1.50000,0.05135,0.00000,0.00000,0.00000,0.45365
0.00000,0.00000,1.00000,NaN,0.01443,0.00000,0.00000,0.00000,0.41232
0.00000,0.00000,-1.00000,NaN,0.03878,0.00000,0.00000,0.00000,0.54919
1.00000,0.00000,-1.00000,1.00000,0.00999,0.00000,0.00000,0.00000,0.53918
1.00000,0.00000,3.00000,2.00000,0.01880,0.00000,0.00000,0.00000,0.00678
1.00000,0.00000,1.50000,3.00000,0.03633,0.00000,0.00000,0.00000,0.02475
1.00000,0.00000,1.50000,1.50000,0.02442,0.00000,0.00000,0.00000,0.01074
1.00000,0.00000,2.00000,1.50000,0.04267,0.00000,0.00000,0.00000,0.01890
1.00000,0.00000,0.50000,1.50000,0.01101,0.00000,0.00000,0.00000,0.18403
1.00000,0.00000,-3.00000,1.00000,0.00488,0.00000,0.00000,0.00000,0.21559
1.00000,0.00000,8.00000,1.00000,0.00687,0.00000,0.00000,0.00000,0.36484
1.00000,0.00000,1.50000,1.00000,0.00950,0.00000,0.00000,0.00000,0.19294
1.00000,0.00000,-0.50000,1.00000,0.04940,0.00000,0.00000,0.00000,0.30171
1.00000,0.00000,-1.50000,1.00000,0.00833,0.00000,0.00000,0.00000,0.25371
1.00000,0.00000,1.50000,2.00000,0.02087,0.00000,0.00000,0.00000,0.09894
1.00000,0.00000,1.50000,2.00000,0.01579,0.00000,0.00000,0.00000,0.09976
1.00000,0.00000,-1.50000,2.50000,0.02072,0.00000,0.00000,0.00000,0.26353
1.00000,0.00000,8.50000,1.00000,0.13099,0.00000,0.00000,0.00000,0.08132
1.00000,0.00000,8.50000,1.00000,0.02734,0.00000,0.00000,0.00000,0.06742
0.00000,0.00000,33.50000,NaN,0.13165,0.00000,0.00000,0.00000,0.20780
1.00000,0.00000,0.50000,1.00000,0.09305,0.00000,0.00000,0.00000,0.04228
0.00000,0.00000,10.00000,NaN,0.03223,0.00000,0.00000,0.00000,0.04633
0.00000,0.00000,17.00000,NaN,0.01985,0.00000,0.00000,0.00000,0.03213
1.00000,0.00000,-16.50000,1.00000,0.02518,0.00000,0.00000,0.00000,0.19139
1.00000,0.00000,-8.50000,1.00000,0.02929,0.00000,0.00000,0.00000,0.14492
1.00000,0.00000,-8.50000,1.00000,0.02444,0.00000,0.00000,0.00000,0.17995
1.00000,0.00000,-1.00000,2.00000,0.04914,0.00000,0.00000,0.00000,0.30311
1.00000,0.00000,1.00000,1.00000,0.04231,0.00000,0.00000,0.00000,0.52043
1.00000,0.00000,1.50000,1.00000,0.04296,0.00000,0.00000,0.00000,0.61887
1.00000,0.00000,-1.00000,1.00000,0.09265,0.00000,0.00000,0.00000,0.59067
1.00000,0.00000,1.00000,1.50000,0.12349,0.00000,0.00000,0.00000,0.63545
1.00000,0.00000,1.50000,2.00000,0.03323,0.00000,0.00000,0.00000,0.25523
1.00000,0.00000,2.00000,1.50000,0.00913,0.00000,0.00000,0.00000,0.20886
1.00000,0.00000,1.50000,2.50000,0.02882,0.00000,0.00000,0.00000,0.23698
1.00000,0.00000,2.00000,1.00000,0.01640,0.00000,0.00000,0.00000,0.02478
1.00000,0.00000,-2.00000,2.00000,0.01428,0.00000,0.00000,0.00000,0.04406
1.00000,0.00000,-2.00000,1.50000,0.03260,0.00000,0.00000,0.00000,0.17597
1.00000,0.00000,-2.00000,1.00000,0.02812,0.00000,0.00000,0.00000,0.02433
1.00000,0.00000,-2.00000,1.00000,0.01709,0.00000,0.00000,0.00000,0.03196
1.00000,0.00000,-2.00000,2.00000,0.02326,0.00000,0.00000,0.00000,0.22840
1.00000,0.00000,1.50000,2.50000,0.01802,0.00000,0.00000,0.00000,0.40945
1.00000,0.00000,1.50000,2.50000,0.01284,0.00000,0.00000,0.00000,0.41882
1.00000,0.00000,-1.50000,1.50000,0.02510,0.00000,0.00000,0.00000,0.61704
0.00000,0.00000,-24.50000,NaN,0.00618,0.00000,0.00000,0.00000,0.04154
1.00000,0.00000,-24.50000,1.00000,0.12589,0.00000,0.00000,0.00000,0.05799
0.00000,0.00000,33.50000,NaN,0.19104,0.00000,0.00000,0.00000,0.05328
1.00000,0.00000,16.50000,1.00000,0.13146,0.00000,0.00000,0.00000,0.30748
1.00000,0.00000,11.50000,1.00000,0.19988,0.00000,0.00000,0.00000,0.25162
1.00000,0.00000,-5.00000,1.00000,0.37408,0.00000,0.00000,0.00000,0.28235
1.00000,0.00000,3.00000,2.00000,0.00950,0.00000,0.00000,0.00000,0.72159
1.00000,0.00000,-0.50000,1.00000,0.08318,0.00000,0.00000,0.00000,0.43626
0.00000,0.00000,1.50000,NaN,0.00564,0.00000,0.00000,0.00000,0.31883
1.00000,0.00000,-8.00000,1.00000,0.07895,0.00000,0.00000,0.00000,0.29920
1.00000,0.00000,-8.00000,1.00000,0.04074,0.00000,0.00000,0.00000,0.28150
0.00000,0.00000,1.00000,NaN,0.01568,0.00000,0.00000,0.00000,0.48958
1.00000,0.00000,-2.50000,2.00000,0.05560,0.00000,0.00000,0.00000,0.50476
0.00000,0.00000,-3.50000,NaN,0.03188,0.00000,0.00000,0.00000,0.47686
1.00000,0.00000,1.50000,3.00000,0.03225,0.00000,0.00000,0.00000,0.60063
1.00000,0.00000,-1.50000,2.00000,0.01830,0.00000,0.00000,0.00000,0.58626
1.00000,0.00000,-16.50000,1.00000,0.07321,0.00000,0.00000,0.00000,0.71230
1.00000,0.00000,1.00000,1.00000,0.01537,0.00000,0.00000,0.00000,0.63415
1.00000,0.00000,1.00000,1.00000,0.08797,0.00000,0.00000,0.00000,0.82715
1.00000,0.00000,1.00000,1.50000,0.03297,0.00000,0.00000,0.00000,0.76386
1.00000,0.00000,-1.00000,3.00000,0.01656,0.00000,0.00000,0.00000,0.47222
1.00000,0.00000,2.50000,1.00000,0.00853,0.00000,0.00000,0.00000,0.87247
1.00000,0.00000,0.50000,1.50000,0.02334,0.00000,0.00000,0.00000,0.50777
1.00000,0.00000,1.00000,1.00000,0.01877,0.00000,0.00000,0.00000,0.51541
0.00000,0.00000,-1.50000,NaN,0.01546,0.00000,0.00000,0.00000,0.34086
1.00000,0.00000,1.50000,2.50000,0.03601,0.00000,0.00000,0.00000,0.46720
1.00000,0.00000,2.00000,3.00000,0.01925,0.00000,0.00000,0.00000,0.30366
1.00000,0.00000,-0.50000,1.50000,0.05740,0.00000,0.00000,0.00000,0.02249
1.00000,0.00000,1.00000,4.50000,0.03188,0.00000,0.00000,0.00000,0.01708
1.00000,0.00000,1.00000,3.00000,0.01929,0.00000,0.00000,0.00000,0.58001
0.00000,0.00000,-1.50000,NaN,0.00484,0.00000,0.00000,0.00000,0.40297
1.00000,0.00000,-1.00000,2.00000,0.01235,0.00000,0.00000,0.00000,0.36977
0.00000,0.00000,31.50000,NaN,0.00587,0.00000,0.00000,0.00000,0.34250
1.00000,0.00000,1.50000,1.50000,0.01200,0.00000,0.00000,0.00000,0.36909
0.00000,0.00000,1.50000,NaN,0.00567,0.00000,0.00000,0.00000,0.39764
0.00000,0.00000,34.50000,NaN,0.00387,0.00000,0.00000,0.00000,0.37340
1.00000,0.00000,1.50000,1.50000,0.01220,0.00000,0.00000,0.00000,0.28293
1.00000,0.00000,1.00000,1.00000,0.01305,0.00000,0.00000,0.00000,0.45875
1.00000,0.00000,-1.00000,1.50000,0.01278,0.00000,0.00000,0.00000,0.43966
1.00000,0.00000,1.00000,1.00000,0.01571,0.00000,0.00000,0.00000,0.39227
1.00000,0.00000,-1.00000,1.00000,0.01372,0.00000,0.00000,0.00000,0.45472
1.00000,0.00000,1.00000,1.00000,0.01737,0.00000,0.00000,0.00000,0.36410
1.00000,0.00000,0.50000,2.00000,0.01212,0.00000,0.00000,0.00000,0.34255
1.00000,0.00000,1.00000,1.50000,0.03776,0.00000,0.00000,0.00000,0.44408
0.00000,0.00000,-28.00000,NaN,0.01172,0.00000,0.00000,0.00000,0.14384
0.00000,0.00000,-1.00000,NaN,0.01070,0.00000,0.00000,0.00000,0.04764
0.00000,0.00000,-25.50000,NaN,0.00884,0.00000,0.00000,0.00000,0.05971
1.00000,0.00000,-1.00000,1.00000,0.01050,0.00000,0.00000,0.00000,0.10921
0.00000,0.00000,3.00000,NaN,0.00970,0.00000,0.00000,0.00000,0.09539
0.00000,0.00000,-2.50000,NaN,0.00775,0.00000,0.00000,0.00000,0.15845
0.00000,0.00000,-2.00000,NaN,0.01939,0.00000,0.00000,0.00000,0.26747
1.00000,0.00000,1.50000,2.00000,0.01871,0.00000,0.00000,0.00000,0.44657
0.00000,0.00000,1.00000,NaN,0.02469,0.00000,0.00000,0.00000,0.22664
1.00000,0.00000,1.00000,2.00000,0.02119,0.00000,0.00000,0.00000,0.38818
1.00000,0.00000,-0.50000,1.00000,0.02931,0.00000,0.00000,0.00000,0.37901
1.00000,0.00000,-0.50000,1.50000,0.04018,0.00000,0.00000,0.00000,0.64899
1.00000,0.00000,-0.50000,1.00000,0.08570,0.00000,0.00000,0.00000,0.40120
0.00000,0.00000,3.00000,NaN,0.00756,0.00000,0.00000,0.00000,0.32107
0.00000,0.00000,-30.50000,NaN,0.00418,0.00000,0.00000,0.00000,0.35087
0.00000,0.00000,-3.00000,NaN,0.01218,0.00000,0.00000,0.00000,0.25812
1.00000,0.00000,1.50000,2.50000,0.02435,0.00000,0.00000,0.00000,0.42625
1.00000,0.00000,-1.00000,1.00000,0.01574,0.00000,0.00000,0.00000,0.36898
0.00000,0.00000,1.50000,NaN,0.02095,0.00000,0.00000,0.00000,0.30060
1.00000,0.00000,-0.50000,1.50000,0.06627,0.00000,0.00000,0.00000,0.24788
0.00000,0.00000,0.50000,NaN,0.00692,0.00000,0.00000,0.00000,0.12608
0.00000,0.00000,0.50000,NaN,0.01134,0.00000,0.00000,0.00000,0.15759
0.00000,0.00000,1.00000,NaN,0.01322,0.00000,0.00000,0.00000,0.16499
1.00000,0.00000,0.50000,1.50000,0.09573,0.00000,0.00000,0.00000,0.19171
0.00000,0.00000,31.50000,NaN,0.00725,0.00000,0.00000,0.00000,0.26725
1.00000,0.00000,-0.50000,1.50000,0.00694,0.00000,0.00000,0.00000,0.28852
1.00000,0.00000,0.50000,1.00000,0.05989,0.00000,0.00000,0.00000,0.24967
1.00000,0.00000,-1.00000,1.50000,0.00810,0.00000,0.00000,0.00000,0.30534
0.00000,0.00000,0.50000,NaN,0.00783,0.00000,0.00000,0.00000,0.28108
1.00000,0.00000,0.50000,1.00000,0.19734,0.00000,0.00000,0.00000,0.32547
0.00000,0.00000,-7.50000,NaN,0.00852,0.00000,0.00000,0.00000,0.29567
0.00000,0.00000,-10.00000,NaN,0.00589,0.00000,0.00000,0.00000,0.25377
0.00000,0.00000,1.00000,NaN,0.00717,0.00000,0.00000,0.00000,0.27978
0.00000,0.00000,-1.50000,NaN,0.00847,0.00000,0.00000,0.00000,0.25114
1.00000,0.00000,0.50000,1.00000,0.03673,0.00000,0.00000,0.00000,0.30387
1.00000,0.00000,0.50000,2.00000,0.00772,0.00000,0.00000,0.00000,0.22150
1.00000,0.00000,-1.00000,1.00000,0.03564,0.00000,0.00000,0.00000,0.16385
1.00000,0.00000,-1.50000,1.50000,0.02339,0.00000,0.00000,0.00000,0.14342
1.00000,0.00000,-1.50000,1.50000,0.01171,0.00000,0.00000,0.00000,0.20156
1.00000,0.00000,-0.50000,1.00000,0.09498,0.00000,0.00000,0.00000,0.12192
0.00000,0.00000,-0.50000,NaN,0.02991,0.00000,0.00000,0.00000,0.17979
0.00000,0.00000,-13.00000,NaN,0.01340,0.00000,0.00000,0.00000,0.15312
1.00000,0.00000,2.00000,1.00000,0.00874,0.00000,0.00000,0.00000,0.20001
1.00000,0.00000,0.50000,1.00000,0.05568,0.00000,0.00000,0.00000,0.27951
1.00000,0.00000,1.50000,1.50000,0.01027,0.00000,0.00000,0.00000,0.25545
1.00000,0.00000,1.00000,1.00000,0.01797,0.00000,0.00000,0.00000,0.17570
1.00000,0.00000,1.50000,1.50000,0.01510,0.00000,0.00000,0.00000,0.19321
0.00000,0.00000,-0.50000,NaN,0.01367,0.00000,0.00000,0.00000,0.24587
1.00000,0.00000,-5.50000,1.00000,0.01454,0.00000,0.00000,0.00000,0.10044
1.00000,0.00000,0.00000,2.00000,0.01750,0.00000,0.00000,0.00000,0.11671
0.00000,0.00000,1.50000,NaN,0.01304,0.00000,0.00000,0.00000,0.13775
1.00000,0.00000,-15.00000,1.00000,0.00879,0.00000,0.00000,0.00000,0.16441
0.00000,0.00000,-10.00000,NaN,0.01099,0.00000,0.00000,0.00000,0.10102
0.00000,0.00000,-5.00000,NaN,0.01093,0.00000,0.00000,0.00000,0.13702
1.00000,0.00000,-0.50000,1.00000,0.01530,0.00000,0.00000,0.00000,0.21094
1.00000,0.00000,0.50000,1.50000,0.01031,0.00000,0.00000,0.00000,0.26410
0.00000,0.00000,-1.00000,NaN,0.00947,0.00000,0.00000,0.00000,0.24138
0.00000,0.00000,-1.00000,NaN,0.01197,0.00000,0.00000,0.00000,0.27037
1.00000,0.00000,-1.00000,1.00000,0.00920,0.00000,0.00000,0.00000,0.35868
1.00000,0.00000,-0.50000,1.50000,0.01584,0.00000,0.00000,0.00000,0.38594
1.00000,0.00000,0.50000,1.50000,0.02931,0.00000,0.00000,0.00000,0.39745
1.00000,0.00000,0.50000,1.50000,0.01289,0.00000,0.00000,0.00000,0.24002
1.00000,0.00000,1.00000,1.00000,0.01864,0.00000,0.00000,0.00000,0.30025
1.00000,0.00000,0.50000,1.00000,0.03552,0.00000,0.00000,0.00000,0.35228
0.00000,0.00000,-24.50000,NaN,0.00998,0.00000,0.00000,0.00000,0.16863
0.00000,0.00000,-1.00000,NaN,0.00717,0.00000,0.00000,0.00000,0.22238
0.00000,0.00000,0.50000,NaN,0.00882,0.00000,0.00000,0.00000,0.19303
0.00000,0.00000,1.00000,NaN,0.01583,0.00000,0.00000,0.00000,0.23109
0.00000,0.00000,-27.00000,NaN,0.00785,0.00000,0.00000,0.00000,0.18662
0.00000,0.00000,-22.00000,NaN,0.00545,0.00000,0.00000,0.00000,0.29336
1.00000,0.00000,-22.00000,1.00000,0.00643,0.00000,0.00000,0.00000,0.32518
0.00000,0.00000,-10.00000,NaN,0.00393,0.00000,0.00000,0.00000,0.22522
1.00000,0.00000,0.50000,1.50000,0.01731,0.00000,0.00000,0.00000,0.23882
1.00000,0.00000,-1.00000,1.00000,0.01250,0.00000,0.00000,0.00000,0.27622
1.00000,0.00000,-0.50000,1.00000,0.09726,0.00000,0.00000,0.00000,0.31955
1.00000,0.00000,1.00000,1.50000,0.03777,0.00000,0.00000,0.00000,0.35412
1.00000,0.00000,-1.00000,1.00000,0.05480,0.00000,0.00000,0.00000,0.22473
1.00000,0.00000,0.50000,1.50000,0.01957,0.00000,0.00000,0.00000,0.28030
1.00000,0.00000,1.50000,1.00000,0.01293,0.00000,0.00000,0.00000,0.31657
0.00000,0.00000,12.50000,NaN,0.00528,0.00000,0.00000,0.00000,0.31743
1.00000,0.00000,0.50000,1.00000,0.12331,0.00000,0.00000,0.00000,0.34730
1.00000,0.00000,-1.50000,2.00000,0.01114,0.00000,0.00000,0.00000,0.18634
1.00000,0.00000,-1.50000,1.50000,0.01662,0.00000,0.00000,0.00000,0.26181
1.00000,0.00000,1.00000,1.50000,0.05670,0.00000,0.00000,0.00000,0.27132
1.00000,0.00000,1.50000,1.50000,0.04129,0.00000,0.00000,0.00000,0.15467
0.00000,0.00000,1.50000,NaN,0.01028,0.00000,0.00000,0.00000,0.20945
1.00000,0.00000,1.00000,2.00000,0.02584,0.00000,0.00000,0.00000,0.23416
1.00000,0.00000,4.50000,1.00000,0.00510,0.00000,0.00000,0.00000,0.20625
1.00000,0.00000,1.00000,1.00000,0.01902,0.00000,0.00000,0.00000,0.25564
1.00000,0.00000,0.50000,1.00000,0.04157,0.00000,0.00000,0.00000,0.36094
1.00000,0.00000,-1.50000,1.50000,0.00946,0.00000,0.00000,0.00000,0.35703
1.00000,0.00000,1.00000,2.00000,0.01922,0.00000,0.00000,0.00000,0.19390
1.00000,0.00000,-0.50000,1.00000,0.05123,0.00000,0.00000,0.00000,0.34051
1.00000,0.00000,-0.50000,1.00000,0.03201,0.00000,0.00000,0.00000,0.30843
1.00000,0.00000,1.00000,1.00000,0.07975,0.00000,0.00000,0.00000,0.28079
1.00000,0.00000,1.00000,1.00000,0.08769,0.00000,0.00000,0.00000,0.34172
1.00000,0.00000,-0.50000,1.50000,0.03073,0.00000,0.00000,0.00000,0.34612
1.00000,0.00000,0.50000,1.50000,0.07690,0.00000,0.00000,0.00000,0.35040
1.00000,0.00000,0.50000,1.50000,0.04515,0.00000,0.00000,0.00000,0.34802
1.00000,0.00000,-0.50000,1.00000,0.02933,0.00000,0.00000,0.00000,0.29535
1.00000,0.00000,0.50000,1.00000,0.08844,0.00000,0.00000,0.00000,0.34471
1.00000,0.00000,-1.00000,1.00000,0.02746,0.00000,0.00000,0.00000,0.31147
1.00000,0.00000,0.50000,1.00000,0.13905,0.00000,0.00000,0.00000,0.34370
1.00000,0.00000,1.00000,1.50000,0.04363,0.00000,0.00000,0.00000,0.30534
1.00000,0.00000,-1.00000,1.00000,0.01978,0.00000,0.00000,0.00000,0.25546
1.00000,0.00000,-1.00000,1.00000,0.03007,0.00000,0.00000,0.00000,0.15144
1.00000,0.00000,1.50000,1.50000,0.00560,0.00000,0.00000,0.00000,0.00092
1.00000,0.00000,-1.00000,1.00000,0.01966,0.00000,0.00000,0.00000,0.28790
1.00000,0.00000,1.50000,3.00000,0.03336,0.00000,0.00000,0.00000,0.15471
1.00000,0.00000,1.50000,2.00000,0.03478,0.00000,0.00000,0.00000,0.05675
0.00000,0.00000,-1.50000,NaN,0.02360,0.00000,0.00000,0.00000,0.21841
1.00000,0.00000,0.50000,1.00000,0.04087,0.00000,0.00000,0.00000,0.04421
1.00000,0.00000,1.00000,1.50000,0.05020,0.00000,0.00000,0.00000,0.02352
0.00000,0.00000,-1.50000,NaN,0.01182,0.00000,0.00000,0.00000,0.04003
0.00000,0.00000,-9.00000,NaN,0.02122,0.00000,0.00000,0.00000,0.34719
1.00000,0.00000,1.50000,1.50000,0.01726,0.00000,0.00000,0.00000,0.06843
1.00000,0.00000,1.50000,1.00000,0.00684,0.00000,0.00000,0.00000,0.02604
1.00000,0.00000,1.50000,1.00000,0.00679,0.00000,0.00000,0.00000,0.02764
0.00000,0.00000,32.50000,NaN,0.00650,0.00000,0.00000,0.00000,0.30591
1.00000,0.00000,-1.00000,1.00000,0.01534,0.00000,0.00000,0.00000,0.01806
0.00000,0.00000,-38.50000,NaN,0.00972,0.00000,0.00000,0.00000,-0.00375
1.00000,0.00000,1.50000,2.00000,0.04679,0.00000,0.00000,0.00000,0.07670
1.00000,0.00000,-0.50000,1.00000,0.01253,0.00000,0.00000,0.00000,0.34354
1.00000,0.00000,1.00000,1.00000,0.05674,0.00000,0.00000,0.00000,0.23529
1.00000,0.00000,1.00000,1.00000,0.04275,0.00000,0.00000,0.00000,0.17586
0.00000,0.00000,1.50000,NaN,0.02637,0.00000,0.00000,0.00000,-0.01280
1.00000,0.00000,5.50000,1.00000,0.05371,0.00000,0.00000,0.00000,0.00751
0.00000,0.00000,1.00000,NaN,0.00812,0.00000,0.00000,0.00000,0.11578
1.00000,0.00000,2.00000,1.50000,0.02673,0.00000,0.00000,0.00000,-0.02336
1.00000,0.00000,0.50000,1.50000,0.01977,0.00000,0.00000,0.00000,0.28655
0.00000,0.00000,1.00000,NaN,0.01938,0.00000,0.00000,0.00000,0.12245
1.00000,0.00000,1.50000,3.50000,0.02139,0.00000,0.00000,0.00000,0.10034
1.00000,0.00000,2.00000,1.00000,0.04017,0.00000,0.00000,0.00000,0.02735
1.00000,0.00000,1.50000,1.00000,0.02093,0.00000,0.00000,0.00000,0.09179
0.00000,0.00000,2.00000,NaN,0.03192,0.00000,0.00000,0.00000,0.19570
1.00000,0.00000,1.00000,1.50000,0.01642,0.00000,0.00000,0.00000,0.35086
0.00000,0.00000,1.00000,NaN,0.02531,0.00000,0.00000,0.00000,0.23249
1.00000,0.00000,0.50000,1.00000,0.10895,0.00000,0.00000,0.00000,0.06510
1.00000,0.00000,1.00000,2.00000,0.05025,0.00000,0.00000,0.00000,0.07209
0.00000,0.00000,1.50000,NaN,0.01255,0.00000,0.00000,0.00000,0.03571
1.00000,0.00000,1.00000,1.50000,0.04968,0.00000,0.00000,0.00000,0.19778
0.00000,0.00000,-2.00000,NaN,0.01323,0.00000,0.00000,0.00000,0.15604
1.00000,0.00000,-1.00000,1.50000,0.02219,0.00000,0.00000,0.00000,0.30204
1.00000,0.00000,2.00000,2.00000,0.00651,0.00000,0.00000,0.00000,0.16929
1.00000,0.00000,0.50000,1.00000,0.02084,0.00000,0.00000,0.00000,0.08532
1.00000,0.00000,1.50000,1.00000,0.01007,0.00000,0.00000,0.00000,0.10495
1.00000,0.00000,-0.50000,1.50000,0.03169,0.00000,0.00000,0.00000,0.44480
1.00000,0.00000,2.00000,1.50000,0.01856,0.00000,0.00000,0.00000,0.10171
1.00000,0.00000,-25.00000,1.00000,0.01834,0.00000,0.00000,0.00000,0.16688
1.00000,0.00000,-1.00000,1.50000,0.02933,0.00000,0.00000,0.00000,0.24284
0.00000,0.00000,1.50000,NaN,0.03011,0.00000,0.00000,0.00000,0.04066
1.00000,0.00000,5.00000,2.00000,0.05247,0.00000,0.00000,0.00000,0.02330
1.00000,0.00000,-1.00000,1.50000,0.01352,0.00000,0.00000,0.00000,0.18724
1.00000,0.00000,1.50000,2.50000,0.02153,0.00000,0.00000,0.00000,0.19872
1.00000,0.00000,2.00000,3.50000,0.01065,0.00000,0.00000,0.00000,0.34982
1.00000,0.00000,-0.50000,1.50000,0.01815,0.00000,0.00000,0.00000,0.20389
1.00000,0.00000,-1.50000,1.00000,0.03107,0.00000,0.00000,0.00000,0.34591
1.00000,0.00000,3.00000,1.00000,0.00851,0.00000,0.00000,0.00000,0.02936
1.00000,0.00000,1.50000,1.00000,0.00844,0.00000,0.00000,0.00000,0.22932
1.00000,0.00000,-1.00000,2.50000,0.00578,0.00000,0.00000,0.00000,0.34672
0.00000,0.00000,-24.00000,NaN,0.03124,0.00000,0.00000,0.00000,0.21805
0.00000,0.00000,1.00000,NaN,0.07033,0.00000,0.00000,0.00000,0.26306
1.00000,0.00000,1.50000,4.00000,0.00690,0.00000,0.00000,0.00000,0.15985
1.00000,0.00000,1.50000,1.50000,0.07904,0.00000,0.00000,0.00000,0.00284
1.00000,0.00000,2.00000,3.00000,0.02079,0.00000,0.00000,0.00000,0.16333
1.00000,0.00000,1.50000,1.50000,0.12642,0.00000,0.00000,0.00000,0.30985
0.00000,0.00000,0.50000,NaN,0.07172,0.00000,0.00000,0.00000,0.32549
1.00000,0.00000,-1.50000,1.50000,0.02177,0.00000,0.00000,0.00000,0.47219
1.00000,0.00000,-0.50000,2.00000,0.07539,0.00000,0.00000,0.00000,0.23788
0.00000,0.00000,0.00000,NaN,0.03485,0.00000,0.00000,0.00000,0.13308
1.00000,0.00000,-2.50000,2.00000,0.02676,0.00000,0.00000,0.00000,0.23167
1.00000,0.00000,3.00000,2.00000,0.00708,0.00000,0.00000,0.00000,0.06581
1.00000,0.00000,3.00000,3.00000,0.00916,0.00000,0.00000,0.00000,0.11017
0.00000,0.00000,-26.50000,NaN,0.00661,0.00000,0.00000,0.00000,0.63521
1.00000,0.00000,0.50000,1.50000,0.09692,0.00000,0.00000,0.00000,0.29472
1.00000,0.00000,1.50000,1.50000,0.02931,0.00000,0.00000,0.00000,0.32198
1.00000,0.00000,1.00000,2.00000,0.12642,0.00000,0.00000,0.00000,0.22910
0.00000,0.00000,-22.50000,NaN,0.00897,0.00000,0.00000,0.00000,0.10680
0.00000,0.00000,-7.50000,NaN,0.02213,0.00000,0.00000,0.00000,0.28108
0.00000,0.00000,-34.00000,NaN,0.00981,0.00000,0.00000,0.00000,0.17949
1.00000,0.00000,-1.00000,1.50000,0.01274,0.00000,0.00000,0.00000,0.40337
1.00000,0.00000,-3.50000,2.50000,0.03693,0.00000,0.00000,0.00000,0.11604
1.00000,0.00000,-0.50000,1.00000,0.03654,0.00000,0.00000,0.00000,0.22109
1.00000,0.00000,-25.00000,1.00000,0.00880,0.00000,0.00000,0.00000,0.32403
0.00000,0.00000,34.50000,NaN,0.00955,0.00000,0.00000,0.00000,0.26617
0.00000,0.00000,-34.50000,NaN,0.00914,0.00000,0.00000,0.00000,0.34593
1.00000,0.00000,1.50000,1.00000,0.10381,0.00000,0.00000,0.00000,0.09304
0.00000,0.00000,1.00000,NaN,0.01698,0.00000,0.00000,0.00000,0.21599
0.00000,0.00000,-1.50000,NaN,0.02369,0.00000,0.00000,0.00000,0.07090
1.00000,0.00000,3.50000,1.00000,0.01262,0.00000,0.00000,0.00000,0.31462
1.00000,0.00000,1.00000,1.50000,0.09426,0.00000,0.00000,0.00000,0.29119
1.00000,0.00000,1.00000,1.00000,0.02871,0.00000,0.00000,0.00000,0.24701
0.00000,0.00000,-39.50000,NaN,0.01372,0.00000,0.00000,0.00000,0.19604
0.00000,0.00000,1.00000,NaN,0.02310,0.00000,0.00000,0.00000,0.09307
0.00000,0.00000,12.00000,NaN,0.00885,0.00000,0.00000,0.00000,0.10861
1.00000,0.00000,1.50000,1.50000,0.01351,0.00000,0.00000,0.00000,0.10878
1.00000,0.00000,-2.00000,1.00000,0.00903,0.00000,0.00000,0.00000,0.18824
1.00000,0.00000,4.50000,1.00000,0.02123,0.00000,0.00000,0.00000,0.44256
1.00000,0.00000,1.00000,1.00000,0.18249,0.00000,0.00000,0.00000,0.28221
1.00000,0.00000,-2.00000,1.50000,0.03257,0.00000,0.00000,0.00000,0.03364
0.00000,0.00000,-29.00000,NaN,0.01461,0.00000,0.00000,0.00000,0.33326
1.00000,0.00000,1.00000,1.50000,0.02641,0.00000,0.00000,0.00000,0.25968
1.00000,0.00000,3.00000,2.00000,0.03155,0.00000,0.00000,0.00000,0.15301
1.00000,0.00000,2.00000,3.00000,0.03589,0.00000,0.00000,0.00000,0.13900
1.00000,0.00000,1.00000,1.00000,0.00723,0.00000,0.00000,0.00000,0.37344
1.00000,0.00000,1.50000,1.00000,0.02609,0.00000,0.00000,0.00000,0.11180
0.00000,0.00000,-34.50000,NaN,0.00648,0.00000,0.00000,0.00000,0.16050
1.00000,0.00000,-23.50000,1.00000,0.01353,0.00000,0.00000,0.00000,0.22069
0.00000,0.00000,-1.00000,NaN,0.00972,0.00000,0.00000,0.00000,0.25045
1.00000,0.00000,1.00000,1.00000,0.05198,0.00000,0.00000,0.00000,0.33745
1.00000,0.00000,-1.00000,1.50000,0.00990,0.00000,0.00000,0.00000,0.39960
1.00000,0.00000,-1.00000,1.50000,0.02287,0.00000,0.00000,0.00000,0.48791
1.00000,0.00000,1.50000,1.50000,0.00836,0.00000,0.00000,0.00000,0.08843
1.00000,0.00000,1.50000,2.50000,0.00574,0.00000,0.00000,0.00000,0.30308
0.00000,0.00000,0.50000,NaN,0.00819,0.00000,0.00000,0.00000,0.33792
0.00000,0.00000,-1.00000,NaN,0.00825,0.00000,0.00000,0.00000,0.26259
1.00000,0.00000,-33.50000,1.50000,0.00919,0.00000,0.00000,0.00000,0.22295
0.00000,0.00000,1.00000,NaN,0.00731,0.00000,0.00000,0.00000,0.48015
1.00000,0.00000,12.00000,1.00000,0.00650,0.00000,0.00000,0.00000,0.33284
1.00000,0.00000,16.00000,1.00000,0.01096,0.00000,0.00000,0.00000,0.54791
1.00000,0.00000,-1.00000,1.50000,0.01162,0.00000,0.00000,0.00000,0.28926
0.00000,0.00000,0.50000,NaN,0.06380,0.00000,0.00000,0.00000,0.16638
0.00000,0.00000,-1.50000,NaN,0.03978,0.00000,0.00000,0.00000,0.23223
0.00000,0.00000,1.00000,NaN,0.06416,0.00000,0.00000,0.00000,0.16524
1.00000,0.00000,0.50000,1.50000,0.01903,0.00000,0.00000,0.00000,0.30156
0.00000,0.00000,-1.00000,NaN,0.01553,0.00000,0.00000,0.00000,0.19465
1.00000,0.00000,1.00000,1.50000,0.01753,0.00000,0.00000,0.00000,0.25910
0.00000,0.00000,-26.00000,NaN,0.00836,0.00000,0.00000,0.00000,0.19936
0.00000,0.00000,-32.00000,NaN,0.01062,0.00000,0.00000,0.00000,0.12290
0.00000,0.00000,1.50000,NaN,0.01251,0.00000,0.00000,0.00000,0.26111
1.00000,0.00000,0.50000,2.00000,0.02404,0.00000,0.00000,0.00000,0.22190
0.00000,0.00000,-34.00000,NaN,0.01461,0.00000,0.00000,0.00000,0.31217
0.00000,0.00000,-1.50000,NaN,0.03255,0.00000,0.00000,0.00000,0.03680
0.00000,0.00000,4.50000,NaN,0.02230,0.00000,0.00000,0.00000,0.45450
0.00000,0.00000,31.00000,NaN,0.01116,0.00000,0.00000,0.00000,0.13358
0.00000,0.00000,-30.50000,NaN,0.01640,0.00000,0.00000,0.00000,0.33145
1.00000,0.00000,2.00000,1.50000,0.09214,0.00000,0.00000,0.00000,0.05664
1.00000,0.00000,1.00000,1.00000,0.05426,0.00000,0.00000,0.00000,0.15497
0.00000,0.00000,1.50000,NaN,0.02638,0.00000,0.00000,0.00000,0.14111
0.00000,0.00000,-1.50000,NaN,0.01108,0.00000,0.00000,0.00000,0.19144
1.00000,0.00000,-2.00000,1.00000,0.01145,0.00000,0.00000,0.00000,0.40909
1.00000,0.00000,-0.50000,1.00000,0.02286,0.00000,0.00000,0.00000,0.27017
0.00000,0.00000,33.50000,NaN,0.02405,0.00000,0.00000,0.00000,0.29841
1.00000,0.00000,0.50000,1.50000,0.17467,0.00000,0.00000,0.00000,0.31437
1.00000,0.00000,1.00000,1.00000,0.03351,0.00000,0.00000,0.00000,0.42263
0.00000,0.00000,27.50000,NaN,0.01070,0.00000,0.00000,0.00000,0.07154
0.00000,0.00000,2.00000,NaN,0.01611,0.00000,0.00000,0.00000,0.18806
0.00000,0.00000,1.50000,NaN,0.01614,0.00000,0.00000,0.00000,0.09162
1.00000,0.00000,-1.00000,1.50000,0.01856,0.00000,0.00000,0.00000,0.14157
1.00000,0.00000,-0.50000,1.50000,0.01582,0.00000,0.00000,0.00000,0.27347
1.00000,0.00000,1.50000,1.50000,0.02547,0.00000,0.00000,0.00000,0.43844
0.00000,0.00000,-1.50000,NaN,0.02030,0.00000,0.00000,0.00000,0.11918
1.00000,0.00000,1.50000,1.00000,0.06139,0.00000,0.00000,0.00000,0.15219
1.00000,0.00000,-26.00000,1.00000,0.04008,0.00000,0.00000,0.00000,0.32780
1.00000,0.00000,19.00000,1.00000,0.01286,0.00000,0.00000,0.00000,0.49427
0.00000,0.00000,-2.00000,NaN,0.01984,0.00000,0.00000,0.00000,0.06118
1.00000,0.00000,-1.00000,1.00000,0.04307,0.00000,0.00000,0.00000,0.07036
0.00000,0.00000,1.00000,NaN,0.02587,0.00000,0.00000,0.00000,0.18028
0.00000,0.00000,-2.50000,NaN,0.04215,0.00000,0.00000,0.00000,0.26391
0.00000,0.00000,1.00000,NaN,0.03292,0.00000,0.00000,0.00000,0.23358
1.00000,0.00000,1.00000,1.50000,0.04763,0.00000,0.00000,0.00000,0.24284
1.00000,0.00000,-2.50000,2.50000,0.03791,0.00000,0.00000,0.00000,0.13974
1.00000,0.00000,-0.50000,1.50000,0.05544,0.00000,0.00000,0.00000,0.40141
1.00000,0.00000,1.00000,1.00000,0.07477,0.00000,0.00000,0.00000,0.42490
1.00000,0.00000,2.50000,2.00000,0.04058,0.00000,0.00000,0.00000,0.13390
1.00000,0.00000,2.00000,3.00000,0.03702,0.00000,0.00000,0.00000,0.16779
1.00000,0.00000,1.00000,1.50000,0.08952,0.00000,0.00000,0.00000,0.49204
0.00000,0.00000,1.00000,NaN,0.00853,0.00000,0.00000,0.00000,0.09442
0.00000,0.00000,1.50000,NaN,0.01641,0.00000,0.00000,0.00000,0.05625
0.00000,0.00000,2.00000,NaN,0.01236,0.00000,0.00000,0.00000,0.16259
1.00000,0.00000,-1.00000,1.00000,0.02086,0.00000,0.00000,0.00000,0.13597
1.00000,0.00000,-1.00000,1.50000,0.01204,0.00000,0.00000,0.00000,0.26174
1.00000,0.00000,-1.50000,1.00000,0.01698,0.00000,0.00000,0.00000,0.28127
0.00000,0.00000,1.00000,NaN,0.00891,0.00000,0.00000,0.00000,0.20468
0.00000,0.00000,0.50000,NaN,0.01678,0.00000,0.00000,0.00000,0.30292
1.00000,0.00000,-1.00000,1.50000,0.00706,0.00000,0.00000,0.00000,0.18760
1.00000,0.00000,2.00000,1.00000,0.01029,0.00000,0.00000,0.00000,0.42303
1.00000,0.00000,0.50000,1.00000,0.04871,0.00000,0.00000,0.00000,0.36524
1.00000,0.00000,-1.00000,1.50000,0.04758,0.00000,0.00000,0.00000,0.17368
0.00000,0.00000,-1.50000,NaN,0.01344,0.00000,0.00000,0.00000,0.07897
0.00000,0.00000,-1.00000,NaN,0.01362,0.00000,0.00000,0.00000,0.41168
1.00000,0.00000,0.50000,1.50000,0.02143,0.00000,0.00000,0.00000,0.12602
0.00000,0.00000,-25.00000,NaN,0.01134,0.00000,0.00000,0.00000,0.12507
0.00000,0.00000,-16.50000,NaN,0.01658,0.00000,0.00000,0.00000,0.28257
0.00000,0.00000,1.00000,NaN,0.01872,0.00000,0.00000,0.00000,0.20065
0.00000,0.00000,1.50000,NaN,0.00616,0.00000,0.00000,0.00000,0.12596
1.00000,0.00000,0.50000,1.00000,0.01881,0.00000,0.00000,0.00000,0.20923
1.00000,0.00000,0.00000,1.50000,0.00720,0.00000,0.00000,0.00000,0.23854
1.00000,0.00000,-0.50000,1.50000,0.02479,0.00000,0.00000,0.00000,0.17301
1.00000,0.00000,1.50000,1.00000,0.02166,0.00000,0.00000,0.00000,0.31669
1.00000,0.00000,1.00000,1.00000,0.01425,0.00000,0.00000,0.00000,0.43799
1.00000,0.00000,1.50000,1.50000,0.01169,0.00000,0.00000,0.00000,0.18347
1.00000,0.00000,1.50000,1.00000,0.06194,0.00000,0.00000,0.00000,0.17028
0.00000,0.00000,10.50000,NaN,0.01307,0.00000,0.00000,0.00000,0.36048
1.00000,0.00000,-2.50000,2.00000,0.01488,0.00000,0.00000,0.00000,0.28354
1.00000,0.00000,1.00000,1.50000,0.02064,0.00000,0.00000,0.00000,0.44174
0.00000,0.00000,-33.50000,NaN,0.02432,0.00000,0.00000,0.00000,0.21138
0.00000,0.00000,0.50000,NaN,0.05822,0.00000,0.00000,0.00000,0.14599
0.00000,0.00000,1.50000,NaN,0.03203,0.00000,0.00000,0.00000,0.09725
0.00000,0.00000,1.00000,NaN,0.01889,0.00000,0.00000,0.00000,0.23337
1.00000,0.00000,1.00000,1.50000,0.03442,0.00000,0.00000,0.00000,0.18271
1.00000,0.00000,1.50000,1.00000,0.04305,0.00000,0.00000,0.00000,0.05587
0.00000,0.00000,-21.00000,NaN,0.00952,0.00000,0.00000,0.00000,0.37565
0.00000,0.00000,1.00000,NaN,0.00986,0.00000,0.00000,0.00000,0.29148
0.00000,0.00000,-0.50000,NaN,0.00980,0.00000,0.00000,0.00000,0.28850
1.00000,0.00000,-1.50000,1.00000,0.01162,0.00000,0.00000,0.00000,0.22165
1.00000,0.00000,1.50000,2.00000,0.02481,0.00000,0.00000,0.00000,0.10082
1.00000,0.00000,1.50000,1.50000,0.01996,0.00000,0.00000,0.00000,0.44185
1.00000,0.00000,-2.00000,2.00000,0.01756,0.00000,0.00000,0.00000,0.27541
0.00000,0.00000,1.00000,NaN,0.01180,0.00000,0.00000,0.00000,0.28891
1.00000,0.00000,-1.50000,1.50000,0.01402,0.00000,0.00000,0.00000,0.39249
1.00000,0.00000,-1.50000,1.50000,0.02631,0.00000,0.00000,0.00000,0.23955
1.00000,0.00000,-1.50000,1.00000,0.02171,0.00000,0.00000,0.00000,0.04283
1.00000,0.00000,-2.00000,2.50000,0.03966,0.00000,0.00000,0.00000,0.14564
1.00000,0.00000,2.50000,1.00000,0.02641,0.00000,0.00000,0.00000,0.14282
1.00000,0.00000,-1.50000,1.00000,0.02323,0.00000,0.00000,0.00000,0.36451
1.00000,0.00000,1.00000,1.00000,0.01709,0.00000,0.00000,0.00000,0.28820
1.00000,0.00000,-0.50000,1.00000,0.02429,0.00000,0.00000,0.00000,0.31452
1.00000,0.00000,1.00000,1.00000,0.01151,0.00000,0.00000,0.00000,0.33251
1.00000,0.00000,1.00000,1.00000,0.01082,0.00000,0.00000,0.00000,0.34329
1.00000,0.00000,-1.00000,1.50000,0.00872,0.00000,0.00000,0.00000,0.43622
1.00000,0.00000,1.50000,1.00000,0.01716,0.00000,0.00000,0.00000,0.29071
1.00000,0.00000,2.00000,1.00000,0.01894,0.00000,0.00000,0.00000,-0.06113
1.00000,0.00000,1.00000,1.00000,0.02210,0.00000,0.00000,0.00000,0.13271
1.00000,0.00000,1.50000,1.50000,0.03115,0.00000,0.00000,0.00000,0.17389
1.00000,0.00000,1.00000,1.50000,0.02440,0.00000,0.00000,0.00000,0.35941
1.00000,0.00000,1.00000,1.00000,0.04671,0.00000,0.00000,0.00000,0.39950
1.00000,0.00000,2.00000,1.00000,0.01524,0.00000,0.00000,0.00000,0.25862
1.00000,0.00000,0.50000,1.50000,0.05043,0.00000,0.00000,0.00000,0.32936
1.00000,0.00000,-2.00000,1.00000,0.06405,0.00000,0.00000,0.00000,0.09583
1.00000,0.00000,1.00000,1.00000,0.05094,0.00000,0.00000,0.00000,0.26271
1.00000,0.00000,-1.50000,2.50000,0.03405,0.00000,0.00000,0.00000,0.43372
1.00000,0.00000,-1.00000,2.00000,0.02417,0.00000,0.00000,0.00000,0.30099
1.00000,0.00000,0.50000,1.50000,0.02887,0.00000,0.00000,0.00000,0.25221
1.00000,0.00000,2.00000,2.50000,0.02263,0.00000,0.00000,0.00000,0.08483
1.00000,0.00000,1.50000,2.50000,0.02845,0.00000,0.00000,0.00000,0.05730
1.00000,0.00000,1.00000,2.00000,0.01186,0.00000,0.00000,0.00000,0.17004
1.00000,0.00000,2.00000,2.50000,0.03816,0.00000,0.00000,0.00000,0.23641
1.00000,0.00000,-2.00000,2.00000,0.02760,0.00000,0.00000,0.00000,0.09398
1.00000,0.00000,-1.00000,2.00000,0.04093,0.00000,0.00000,0.00000,0.13288
1.00000,0.00000,-3.00000,1.00000,0.03003,0.00000,0.00000,0.00000,0.15551
1.00000,0.00000,-2.00000,1.50000,0.03591,0.00000,0.00000,0.00000,0.48103
1.00000,0.00000,1.00000,3.00000,0.02433,0.00000,0.00000,0.00000,0.15415
1.00000,0.00000,3.50000,1.00000,0.02653,0.00000,0.00000,0.00000,0.26813
1.00000,0.00000,2.50000,4.50000,0.03750,0.00000,0.00000,0.00000,0.23595
1.00000,0.00000,2.50000,4.00000,0.02863,0.00000,0.00000,0.00000,0.40687
0.00000,0.00000,26.50000,NaN,0.00880,0.00000,0.00000,0.00000,0.49564
1.00000,0.00000,1.00000,1.50000,0.04058,0.00000,0.00000,0.00000,0.08573
1.00000,0.00000,2.00000,2.00000,0.03094,0.00000,0.00000,0.00000,0.27253
1.00000,0.00000,2.00000,1.00000,0.07563,0.00000,0.00000,0.00000,0.13502
1.00000,0.00000,1.50000,2.50000,0.05594,0.00000,0.00000,0.00000,0.15227
1.00000,0.00000,1.00000,2.00000,0.03721,0.00000,0.00000,0.00000,0.25574
1.00000,0.00000,0.50000,2.00000,0.03868,0.00000,0.00000,0.00000,0.16847
0.00000,0.00000,1.50000,NaN,0.02458,0.00000,0.00000,0.00000,0.18918
1.00000,0.00000,1.00000,1.50000,0.01922,0.00000,0.00000,0.00000,0.43422
1.00000,0.00000,1.00000,1.00000,0.03099,0.00000,0.00000,0.00000,0.11432
1.00000,0.00000,1.00000,1.00000,0.05478,0.00000,0.00000,0.00000,0.18888
1.00000,0.00000,1.00000,1.00000,0.03217,0.00000,0.00000,0.00000,0.21886
1.00000,0.00000,1.50000,2.50000,0.02817,0.00000,0.00000,0.00000,0.12602
1.00000,0.00000,1.50000,2.00000,0.03110,0.00000,0.00000,0.00000,0.09556
1.00000,0.00000,1.50000,1.50000,0.01533,0.00000,0.00000,0.00000,0.34389
1.00000,0.00000,1.00000,2.50000,0.02303,0.00000,0.00000,0.00000,0.31152
1.00000,0.00000,1.50000,2.00000,0.01787,0.00000,0.00000,0.00000,0.12796
1.00000,0.00000,2.00000,2.00000,0.02419,0.00000,0.00000,0.00000,0.33895
1.00000,0.00000,-1.50000,3.00000,0.04513,0.00000,0.00000,0.00000,0.54823
1.00000,0.00000,2.00000,1.50000,0.02029,0.00000,0.00000,0.00000,0.52279
1.00000,0.00000,0.50000,1.50000,0.07953,0.00000,0.00000,0.00000,0.30254
1.00000,0.00000,-0.50000,2.00000,0.03393,0.00000,0.00000,0.00000,0.32418
1.00000,0.00000,-0.50000,1.00000,0.04184,0.00000,0.00000,0.00000,0.26163
0.00000,0.00000,2.00000,NaN,0.00903,0.00000,0.00000,0.00000,0.31008
0.00000,0.00000,2.00000,NaN,0.00898,0.00000,0.00000,0.00000,0.29492
0.00000,0.00000,1.00000,NaN,0.00881,0.00000,0.00000,0.00000,0.32861
1.00000,0.00000,-2.00000,1.50000,0.03871,0.00000,0.00000,0.00000,0.35047
1.00000,0.00000,0.50000,2.50000,0.06636,0.00000,0.00000,0.00000,0.34027
0.00000,0.00000,-2.00000,NaN,0.00723,0.00000,0.00000,0.00000,0.36004
0.00000,0.00000,-1.00000,NaN,0.01212,0.00000,0.00000,0.00000,0.34846
1.00000,0.00000,0.50000,1.50000,0.05084,0.00000,0.00000,0.00000,0.43202
1.00000,0.00000,0.50000,1.50000,0.08647,0.00000,0.00000,0.00000,0.43207
0.00000,0.00000,4.00000,NaN,0.00804,0.00000,0.00000,0.00000,0.38527
1.00000,0.00000,2.50000,1.00000,0.03366,0.00000,0.00000,0.00000,0.42887
1.00000,0.00000,1.00000,1.50000,0.07498,0.00000,0.00000,0.00000,0.35277
1.00000,0.00000,1.50000,1.00000,0.03659,0.00000,0.00000,0.00000,0.46339
1.00000,0.00000,1.00000,1.50000,0.06795,0.00000,0.00000,0.00000,0.35867
1.00000,0.00000,1.00000,3.00000,0.03225,0.00000,0.00000,0.00000,0.45082
1.00000,0.00000,1.00000,1.50000,0.02210,0.00000,0.00000,0.00000,0.52512
0.00000,0.00000,-1.00000,NaN,0.03757,0.00000,0.00000,0.00000,0.38614
1.00000,0.00000,-0.50000,2.00000,0.07449,0.00000,0.00000,0.00000,0.39324
0.00000,0.00000,-2.00000,NaN,0.00626,0.00000,0.00000,0.00000,0.44955
0.00000,0.00000,-30.00000,NaN,0.01085,0.00000,0.00000,0.00000,0.45631
1.00000,0.00000,-2.00000,1.50000,0.01498,0.00000,0.00000,0.00000,0.42266
0.00000,0.00000,2.50000,NaN,0.01123,0.00000,0.00000,0.00000,0.39275
0.00000,0.00000,-3.50000,NaN,0.00742,0.00000,0.00000,0.00000,0.38378
0.00000,0.00000,1.50000,NaN,0.02068,0.00000,0.00000,0.00000,0.41655
1.00000,0.00000,1.00000,2.00000,0.03167,0.00000,0.00000,0.00000,0.31973
1.00000,0.00000,2.00000,1.00000,0.03834,0.00000,0.00000,0.00000,0.27610
1.00000,0.00000,-1.50000,2.00000,0.02126,0.00000,0.00000,0.00000,0.21178
1.00000,0.00000,0.50000,2.00000,0.13422,0.00000,0.00000,0.00000,0.11603
1.00000,0.00000,-1.00000,1.00000,0.06161,0.00000,0.00000,0.00000,0.27508
1.00000,0.00000,1.00000,3.00000,0.05863,0.00000,0.00000,0.00000,0.29192
1.00000,0.00000,1.00000,1.50000,0.08882,0.00000,0.00000,0.00000,0.10280
1.00000,0.00000,-1.00000,2.50000,0.06155,0.00000,0.00000,0.00000,0.49539
1.00000,0.00000,1.50000,2.50000,0.03827,0.00000,0.00000,0.00000,0.37712
1.00000,0.00000,1.50000,2.50000,0.06537,0.00000,0.00000,0.00000,0.37967
1.00000,0.00000,-1.00000,1.50000,0.04261,0.00000,0.00000,0.00000,0.52235
1.00000,0.00000,-0.50000,1.50000,0.09468,0.00000,0.00000,0.00000,0.37914
0.00000,0.00000,36.50000,NaN,0.03007,0.00000,0.00000,0.00000,0.30399
1.00000,0.00000,-2.00000,1.50000,0.01797,0.00000,0.00000,0.00000,0.56134
0.00000,0.00000,4.00000,NaN,0.01150,0.00000,0.00000,0.00000,0.32785
0.00000,0.00000,3.00000,NaN,0.02054,0.00000,0.00000,0.00000,0.36651
1.00000,0.00000,-1.00000,1.00000,0.02444,0.00000,0.00000,0.00000,0.25736
1.00000,0.00000,1.00000,1.50000,0.01277,0.00000,0.00000,0.00000,0.22102
1.00000,0.00000,-0.50000,1.50000,0.04095,0.00000,0.00000,0.00000,0.35220
1.00000,0.00000,1.50000,1.00000,0.01840,0.00000,0.00000,0.00000,0.09662
1.00000,0.00000,-1.00000,1.50000,0.00991,0.00000,0.00000,0.00000,0.07722
0.00000,0.00000,-1.50000,NaN,0.00650,0.00000,0.00000,0.00000,0.12929
1.00000,0.00000,0.50000,1.50000,0.00493,0.00000,0.00000,0.00000,0.19124
1.00000,0.00000,0.50000,1.50000,0.01691,0.00000,0.00000,0.00000,0.31907
1.00000,0.00000,1.00000,1.00000,0.03936,0.00000,0.00000,0.00000,0.38075
1.00000,0.00000,0.50000,1.00000,0.07643,0.00000,0.00000,0.00000,0.33048
1.00000,0.00000,0.50000,1.50000,0.14532,0.00000,0.00000,0.00000,0.34300
1.00000,0.00000,1.00000,1.50000,0.04954,0.00000,0.00000,0.00000,0.49729
1.00000,0.00000,1.50000,4.00000,0.03392,0.00000,0.00000,0.00000,0.11338
1.00000,0.00000,-1.00000,1.50000,0.01710,0.00000,0.00000,0.00000,0.27425
1.00000,0.00000,-0.50000,1.50000,0.04361,0.00000,0.00000,0.00000,0.29290
1.00000,0.00000,1.50000,1.50000,0.00776,0.00000,0.00000,0.00000,0.45519
1.00000,0.00000,1.50000,1.00000,0.02737,0.00000,0.00000,0.00000,0.15384
0.00000,0.00000,-25.00000,NaN,0.00304,0.00000,0.00000,0.00000,0.13904
1.00000,0.00000,1.00000,1.00000,0.00918,0.00000,0.00000,0.00000,0.20928
1.00000,0.00000,1.50000,1.50000,0.01830,0.00000,0.00000,0.00000,0.16031
0.00000,0.00000,-1.00000,NaN,0.00759,0.00000,0.00000,0.00000,0.30475
0.00000,0.00000,-0.50000,NaN,0.01637,0.00000,0.00000,0.00000,0.26290
0.00000,0.00000,1.00000,NaN,0.02083,0.00000,0.00000,0.00000,0.29969
0.00000,0.00000,-0.50000,NaN,0.00644,0.00000,0.00000,0.00000,0.27043
0.00000,0.00000,1.00000,NaN,0.01151,0.00000,0.00000,0.00000,0.32643
1.00000,0.00000,1.50000,1.50000,0.00877,0.00000,0.00000,0.00000,0.26718
1.00000,0.00000,1.50000,1.50000,0.01978,0.00000,0.00000,0.00000,0.23779
0.00000,0.00000,-24.50000,NaN,0.00592,0.00000,0.00000,0.00000,0.17772
1.00000,0.00000,1.00000,1.50000,0.01338,0.00000,0.00000,0.00000,0.30371
0.00000,0.00000,20.50000,NaN,0.00535,0.00000,0.00000,0.00000,0.12826
1.00000,0.00000,1.00000,1.00000,0.01321,0.00000,0.00000,0.00000,0.22810
1.00000,0.00000,0.50000,1.50000,0.03292,0.00000,0.00000,0.00000,0.17990
1.00000,0.00000,2.00000,1.50000,0.01044,0.00000,0.00000,0.00000,0.21845
1.00000,0.00000,0.50000,1.50000,0.00628,0.00000,0.00000,0.00000,0.33641
1.00000,0.00000,0.50000,1.00000,0.06851,0.00000,0.00000,0.00000,0.24889
1.00000,0.00000,1.00000,1.00000,0.01374,0.00000,0.00000,0.00000,0.31682
1.00000,0.00000,-1.00000,1.50000,0.01228,0.00000,0.00000,0.00000,0.21165
1.00000,0.00000,-0.50000,1.50000,0.04151,0.00000,0.00000,0.00000,0.19465
0.00000,0.00000,-29.00000,NaN,0.00336,0.00000,0.00000,0.00000,0.29833
1.00000,0.00000,-1.50000,1.50000,0.00716,0.00000,0.00000,0.00000,0.19860
0.00000,0.00000,-13.50000,NaN,0.00487,0.00000,0.00000,0.00000,0.36363
1.00000,0.00000,1.50000,1.50000,0.01295,0.00000,0.00000,0.00000,0.22444
1.00000,0.00000,1.50000,1.00000,0.00711,0.00000,0.00000,0.00000,0.34848
1.00000,0.00000,-1.00000,1.00000,0.02080,0.00000,0.00000,0.00000,0.23496
0.00000,0.00000,-1.00000,NaN,0.00416,0.00000,0.00000,0.00000,0.20017
0.00000,0.00000,-1.50000,NaN,0.00728,0.00000,0.00000,0.00000,0.26038
0.00000,0.00000,0.50000,NaN,0.00757,0.00000,0.00000,0.00000,0.20660
1.00000,0.00000,1.00000,1.50000,0.00850,0.00000,0.00000,0.00000,0.17668
0.00000,0.00000,22.50000,NaN,0.00486,0.00000,0.00000,0.00000,0.23777
0.00000,0.00000,0.50000,NaN,0.00642,0.00000,0.00000,0.00000,0.36971
0.00000,0.00000,1.00000,NaN,0.00784,0.00000,0.00000,0.00000,0.21436
0.00000,0.00000,-38.50000,NaN,0.00292,0.00000,0.00000,0.00000,0.23586
1.00000,0.00000,1.00000,2.00000,0.00852,0.00000,0.00000,0.00000,0.21000
1.00000,0.00000,-0.50000,1.00000,0.01112,0.00000,0.00000,0.00000,0.25720
0.00000,0.00000,14.00000,NaN,0.00462,0.00000,0.00000,0.00000,0.07279
0.00000,0.00000,-15.50000,NaN,0.00307,0.00000,0.00000,0.00000,0.14693
1.00000,0.00000,0.50000,1.00000,0.01920,0.00000,0.00000,0.00000,0.16971
0.00000,0.00000,0.50000,NaN,0.00888,0.00000,0.00000,0.00000,0.10510
1.00000,0.00000,1.00000,1.50000,0.02849,0.00000,0.00000,0.00000,0.12129
1.00000,0.00000,0.50000,1.00000,0.11965,0.00000,0.00000,0.00000,0.26706
1.00000,0.00000,-1.00000,1.00000,0.01250,0.00000,0.00000,0.00000,0.34897
0.00000,0.00000,2.00000,NaN,0.01584,0.00000,0.00000,0.00000,0.27493
1.00000,0.00000,-1.00000,1.50000,0.01786,0.00000,0.00000,0.00000,0.24210
0.00000,0.00000,-31.00000,NaN,0.00528,0.00000,0.00000,0.00000,0.34937
1.00000,0.00000,1.50000,1.50000,0.01217,0.00000,0.00000,0.00000,0.41236
0.00000,0.00000,-1.00000,NaN,0.00635,0.00000,0.00000,0.00000,0.37983
0.00000,0.00000,0.50000,NaN,0.01059,0.00000,0.00000,0.00000,0.23954
1.00000,0.00000,1.00000,1.50000,0.00746,0.00000,0.00000,0.00000,0.36409
1.00000,0.00000,0.50000,1.50000,0.01525,0.00000,0.00000,0.00000,0.18406
0.00000,0.00000,1.00000,NaN,0.00723,0.00000,0.00000,0.00000,0.30572
1.00000,0.00000,-0.50000,1.00000,0.04320,0.00000,0.00000,0.00000,0.27828
1.00000,0.00000,1.50000,1.50000,0.01326,0.00000,0.00000,0.00000,0.18103
0.00000,0.00000,-29.00000,NaN,0.00324,0.00000,0.00000,0.00000,0.18534
0.00000,0.00000,-32.00000,NaN,0.00447,0.00000,0.00000,0.00000,0.44684
1.00000,0.00000,13.50000,1.00000,0.01018,0.00000,0.00000,0.00000,0.35825
0.00000,0.00000,-0.50000,NaN,0.01795,0.00000,0.00000,0.00000,0.10605
1.00000,0.00000,0.50000,1.50000,0.01104,0.00000,0.00000,0.00000,0.21512
0.00000,0.00000,0.50000,NaN,0.00766,0.00000,0.00000,0.00000,0.14708
1.00000,0.00000,0.50000,1.50000,0.01540,0.00000,0.00000,0.00000,0.20077
1.00000,0.00000,1.50000,1.50000,0.01554,0.00000,0.00000,0.00000,0.20982
1.00000,0.00000,-1.00000,2.00000,0.01059,0.00000,0.00000,0.00000,0.20550
0.00000,0.00000,-38.50000,NaN,0.00556,0.00000,0.00000,0.00000,0.13546
0.00000,0.00000,-6.00000,NaN,0.01264,0.00000,0.00000,0.00000,0.42430
0.00000,0.00000,-14.50000,NaN,0.01018,0.00000,0.00000,0.00000,0.13749
1.00000,0.00000,1.00000,1.50000,0.02520,0.00000,0.00000,0.00000,0.38499
1.00000,0.00000,1.00000,1.50000,0.01562,0.00000,0.00000,0.00000,0.45196
0.00000,0.00000,-1.50000,NaN,0.00442,0.00000,0.00000,0.00000,0.43225
1.00000,0.00000,-1.00000,1.00000,0.00975,0.00000,0.00000,0.00000,0.29050
1.00000,0.00000,-1.50000,1.50000,0.01389,0.00000,0.00000,0.00000,0.19372
0.00000,0.00000,0.50000,NaN,0.00345,0.00000,0.00000,0.00000,0.12394
1.00000,0.00000,-1.00000,1.50000,0.01619,0.00000,0.00000,0.00000,0.31832
1.00000,0.00000,0.50000,1.50000,0.00924,0.00000,0.00000,0.00000,0.18829
0.00000,0.00000,0.50000,NaN,0.03490,0.00000,0.00000,0.00000,0.24950
0.00000,0.00000,-9.00000,NaN,0.00470,0.00000,0.00000,0.00000,0.39053
0.00000,0.00000,12.50000,NaN,0.00424,0.00000,0.00000,0.00000,0.53196
0.00000,0.00000,-39.50000,NaN,0.00578,0.00000,0.00000,0.00000,0.32482
1.00000,0.00000,-28.00000,1.50000,0.00647,0.00000,0.00000,0.00000,0.49731
1.00000,0.00000,1.00000,1.50000,0.01143,0.00000,0.00000,0.00000,0.38477
0.00000,0.00000,37.50000,NaN,0.01130,0.00000,0.00000,0.00000,0.30691
1.00000,0.00000,2.00000,1.00000,0.00783,0.00000,0.00000,0.00000,0.11672
1.00000,0.00000,-22.50000,1.00000,0.00510,0.00000,0.00000,0.00000,0.51853
1.00000,0.00000,20.50000,1.00000,0.01756,0.00000,0.00000,0.00000,0.10403
0.00000,0.00000,-6.50000,NaN,0.00917,0.00000,0.00000,0.00000,0.32599
1.00000,0.00000,1.00000,1.50000,0.01298,0.00000,0.00000,0.00000,0.23768
0.00000,0.00000,35.50000,NaN,0.00848,0.00000,0.00000,0.00000,0.20639
1.00000,0.00000,-25.00000,1.00000,0.00307,0.00000,0.00000,0.00000,0.42878
0.00000,0.00000,-28.50000,NaN,0.00917,0.00000,0.00000,0.00000,0.26242
0.00000,0.00000,-18.50000,NaN,0.00333,0.00000,0.00000,0.00000,0.29917
0.00000,0.00000,-2.00000,NaN,0.00479,0.00000,0.00000,0.00000,0.40815
1.00000,0.00000,0.00000,1.50000,0.01052,0.00000,0.00000,0.00000,0.27461
1.00000,0.00000,1.50000,1.50000,0.00671,0.00000,0.00000,0.00000,0.34511
0.00000,0.00000,0.50000,NaN,0.00773,0.00000,0.00000,0.00000,0.36771
1.00000,0.00000,0.00000,2.00000,0.01803,0.00000,0.00000,0.00000,0.33276
1.00000,0.00000,11.50000,1.00000,0.00497,0.00000,0.00000,0.00000,0.50328
1.00000,0.00000,-0.50000,1.00000,0.00460,0.00000,0.00000,0.00000,0.41587
1.00000,0.00000,-33.00000,1.00000,0.00316,0.00000,0.00000,0.00000,0.45330
1.00000,0.00000,-2.00000,1.00000,0.01441,0.00000,0.00000,0.00000,0.20205
1.00000,0.00000,-26.50000,1.50000,0.00747,0.00000,0.00000,0.00000,0.51138
1.00000,0.00000,2.00000,1.50000,0.01150,0.00000,0.00000,0.00000,0.38336
1.00000,0.00000,-0.50000,1.00000,0.00769,0.00000,0.00000,0.00000,0.25625
1.00000,0.00000,-1.00000,1.00000,0.03372,0.00000,0.00000,0.00000,0.22087
1.00000,0.00000,-1.00000,1.50000,0.01988,0.00000,0.00000,0.00000,0.30139
1.00000,0.00000,0.50000,1.50000,0.01766,0.00000,0.00000,0.00000,0.28108
1.00000,0.00000,0.50000,1.50000,0.03563,0.00000,0.00000,0.00000,0.33447
1.00000,0.00000,0.50000,1.50000,0.02287,0.00000,0.00000,0.00000,0.31443
0.00000,0.00000,-1.50000,NaN,0.00602,0.00000,0.00000,0.00000,0.12804
1.00000,0.00000,-1.50000,1.00000,0.01259,0.00000,0.00000,0.00000,0.19680
1.00000,0.00000,-1.50000,1.50000,0.00922,0.00000,0.00000,0.00000,0.14504
1.00000,0.00000,-0.50000,1.00000,0.06016,0.00000,0.00000,0.00000,0.20352
1.00000,0.00000,-2.50000,1.50000,0.00566,0.00000,0.00000,0.00000,0.45479
0.00000,0.00000,-38.00000,NaN,0.00978,0.00000,0.00000,0.00000,0.14158
0.00000,0.00000,-37.00000,NaN,0.00815,0.00000,0.00000,0.00000,0.15781
0.00000,0.00000,1.50000,NaN,0.02852,0.00000,0.00000,0.00000,0.18527
1.00000,0.00000,-2.00000,1.00000,0.01545,0.00000,0.00000,0.00000,0.30242
1.00000,0.00000,-24.50000,1.00000,0.00539,0.00000,0.00000,0.00000,0.53864
1.00000,0.00000,-1.00000,1.00000,0.00777,0.00000,0.00000,0.00000,0.35069
0.00000,0.00000,-26.00000,NaN,0.00628,0.00000,0.00000,0.00000,0.10291
0.00000,0.00000,1.00000,NaN,0.01546,0.00000,0.00000,0.00000,0.24730
0.00000,0.00000,1.00000,NaN,0.01295,0.00000,0.00000,0.00000,0.11276
1.00000,0.00000,1.00000,1.50000,0.04436,0.00000,0.00000,0.00000,0.12860
1.00000,0.00000,1.00000,1.50000,0.01005,0.00000,0.00000,0.00000,0.19036
0.00000,0.00000,1.00000,NaN,0.00995,0.00000,0.00000,0.00000,0.19096
0.00000,0.00000,0.50000,NaN,0.01930,0.00000,0.00000,0.00000,0.21760
0.00000,0.00000,1.00000,NaN,0.00955,0.00000,0.00000,0.00000,0.22273
0.00000,0.00000,-32.50000,NaN,0.00396,0.00000,0.00000,0.00000,0.22522
1.00000,0.00000,0.50000,1.00000,0.03235,0.00000,0.00000,0.00000,0.20519
1.00000,0.00000,1.00000,1.00000,0.01321,0.00000,0.00000,0.00000,0.53599
0.00000,0.00000,36.50000,NaN,0.00496,0.00000,0.00000,0.00000,0.31225
1.00000,0.00000,-31.50000,1.00000,0.00294,0.00000,0.00000,0.00000,0.33725
1.00000,0.00000,9.50000,1.00000,0.00456,0.00000,0.00000,0.00000,0.49022
0.00000,0.00000,8.00000,NaN,0.00864,0.00000,0.00000,0.00000,0.41269
1.00000,0.00000,-21.00000,1.50000,0.01121,0.00000,0.00000,0.00000,0.41355
1.00000,0.00000,-26.50000,1.50000,0.00492,0.00000,0.00000,0.00000,0.55402
1.00000,0.00000,-1.50000,1.50000,0.02876,0.00000,0.00000,0.00000,0.32226
1.00000,0.00000,-0.50000,1.00000,0.05045,0.00000,0.00000,0.00000,0.58348
1.00000,0.00000,0.50000,2.00000,0.04726,0.00000,0.00000,0.00000,0.48382
0.00000,0.00000,35.00000,NaN,0.00852,0.00000,0.00000,0.00000,0.25516
1.00000,0.00000,1.00000,1.50000,0.04716,0.00000,0.00000,0.00000,0.28416
1.00000,0.00000,1.00000,1.00000,0.02610,0.00000,0.00000,0.00000,0.44202
1.00000,0.00000,-0.50000,1.00000,0.02723,0.00000,0.00000,0.00000,0.33086
0.00000,0.00000,-5.00000,NaN,0.00800,0.00000,0.00000,0.00000,0.31797
1.00000,0.00000,0.50000,1.50000,0.06405,0.00000,0.00000,0.00000,0.41893
0.00000,0.00000,38.50000,NaN,0.00669,0.00000,0.00000,0.00000,0.29916
1.00000,0.00000,1.00000,1.50000,0.03591,0.00000,0.00000,0.00000,0.42773
1.00000,0.00000,1.00000,1.50000,0.02560,0.00000,0.00000,0.00000,0.58928
1.00000,0.00000,1.00000,1.00000,0.01667,0.00000,0.00000,0.00000,0.25017
1.00000,0.00000,0.50000,1.00000,0.07000,0.00000,0.00000,0.00000,0.17319
1.00000,0.00000,1.50000,1.50000,0.02710,0.00000,0.00000,0.00000,0.23017
0.00000,0.00000,-1.00000,NaN,0.01329,0.00000,0.00000,0.00000,0.12950
1.00000,0.00000,1.50000,1.00000,0.01417,0.00000,0.00000,0.00000,0.18153
1.00000,0.00000,-0.50000,1.00000,0.02690,0.00000,0.00000,0.00000,0.18881
0.00000,0.00000,36.50000,NaN,0.01438,0.00000,0.00000,0.00000,0.18372
0.00000,0.00000,7.50000,NaN,0.00974,0.00000,0.00000,0.00000,0.18961
1.00000,0.00000,0.50000,1.00000,0.07471,0.00000,0.00000,0.00000,0.18348
0.00000,0.00000,-1.50000,NaN,0.02278,0.00000,0.00000,0.00000,0.24360
0.00000,0.00000,-1.00000,NaN,0.00897,0.00000,0.00000,0.00000,0.21251
0.00000,0.00000,0.50000,NaN,0.02016,0.00000,0.00000,0.00000,0.23252
1.00000,0.00000,1.00000,1.50000,0.04550,0.00000,0.00000,0.00000,0.30263
0.00000,0.00000,-17.50000,NaN,0.01562,0.00000,0.00000,0.00000,0.35707
1.00000,0.00000,0.50000,1.00000,0.10260,0.00000,0.00000,0.00000,0.36640
1.00000,0.00000,-1.00000,1.00000,0.02000,0.00000,0.00000,0.00000,0.41721
1.00000,0.00000,-1.00000,1.00000,0.02756,0.00000,0.00000,0.00000,0.39832
1.00000,0.00000,0.50000,1.00000,0.13915,0.00000,0.00000,0.00000,0.54476
0.00000,0.00000,-1.00000,NaN,0.01395,0.00000,0.00000,0.00000,0.10070
0.00000,0.00000,-36.00000,NaN,0.01688,0.00000,0.00000,0.00000,0.31785
1.00000,0.00000,0.50000,1.00000,0.10746,0.00000,0.00000,0.00000,0.29155
0.00000,0.00000,0.50000,NaN,0.02627,0.00000,0.00000,0.00000,0.29393
0.00000,0.00000,-21.50000,NaN,0.01204,0.00000,0.00000,0.00000,0.18790
1.00000,0.00000,0.50000,1.00000,0.07467,0.00000,0.00000,0.00000,0.21500
1.00000,0.00000,1.00000,1.50000,0.03457,0.00000,0.00000,0.00000,0.22155
1.00000,0.00000,0.50000,1.00000,0.07187,0.00000,0.00000,0.00000,0.56411
1.00000,0.00000,1.00000,1.50000,0.01943,0.00000,0.00000,0.00000,0.59983
1.00000,0.00000,-0.50000,1.50000,0.03239,0.00000,0.00000,0.00000,0.55501
0.00000,0.00000,1.50000,NaN,0.01192,0.00000,0.00000,0.00000,0.24137
0.00000,0.00000,-37.50000,NaN,0.00639,0.00000,0.00000,0.00000,0.17995
1.00000,0.00000,0.50000,1.00000,0.03943,0.00000,0.00000,0.00000,0.17511
1.00000,0.00000,-1.50000,1.00000,0.00350,0.00000,0.00000,0.00000,0.29883
1.00000,0.00000,1.00000,1.50000,0.01693,0.00000,0.00000,0.00000,0.28220
1.00000,0.00000,0.50000,1.50000,0.01347,0.00000,0.00000,0.00000,0.35878
0.00000,0.00000,-12.00000,NaN,0.00448,0.00000,0.00000,0.00000,0.21163
0.00000,0.00000,32.00000,NaN,0.01045,0.00000,0.00000,0.00000,0.22588
1.00000,0.00000,1.50000,1.00000,0.02945,0.00000,0.00000,0.00000,0.23958
0.00000,0.00000,-2.00000,NaN,0.03634,0.00000,0.00000,0.00000,0.22318
1.00000,0.00000,1.00000,1.50000,0.12511,0.00000,0.00000,0.00000,0.45657
1.00000,0.00000,0.50000,1.00000,0.08929,0.00000,0.00000,0.00000,0.49155
0.00000,0.00000,-4.50000,NaN,0.04152,0.00000,0.00000,0.00000,0.23422
0.00000,0.00000,1.00000,NaN,0.06450,0.00000,0.00000,0.00000,0.21748
0.00000,0.00000,-27.50000,NaN,0.02936,0.00000,0.00000,0.00000,0.19184
1.00000,0.00000,1.00000,1.00000,0.01774,0.00000,0.00000,0.00000,0.45384
0.00000,0.00000,-35.00000,NaN,0.00526,0.00000,0.00000,0.00000,0.45902
1.00000,0.00000,-1.00000,1.00000,0.01960,0.00000,0.00000,0.00000,0.38456
0.00000,0.00000,-32.00000,NaN,0.00912,0.00000,0.00000,0.00000,0.19065
1.00000,0.00000,0.50000,1.00000,0.03672,0.00000,0.00000,0.00000,0.29650
0.00000,0.00000,12.00000,NaN,0.01724,0.00000,0.00000,0.00000,0.41691
1.00000,0.00000,0.50000,1.00000,0.05555,0.00000,0.00000,0.00000,0.37544
1.00000,0.00000,0.50000,1.50000,0.02901,0.00000,0.00000,0.00000,0.42418
1.00000,0.00000,-0.50000,1.00000,0.02910,0.00000,0.00000,0.00000,0.51216
1.00000,0.00000,0.50000,1.50000,0.02555,0.00000,0.00000,0.00000,0.23808
1.00000,0.00000,1.50000,1.50000,0.03663,0.00000,0.00000,0.00000,0.28538
1.00000,0.00000,1.50000,1.50000,0.03275,0.00000,0.00000,0.00000,0.29309
1.00000,0.00000,1.50000,2.00000,0.01117,0.00000,0.00000,0.00000,0.29454
0.00000,0.00000,37.50000,NaN,0.01153,0.00000,0.00000,0.00000,0.28464
0.00000,0.00000,1.00000,NaN,0.00975,0.00000,0.00000,0.00000,0.16515
0.00000,0.00000,-34.00000,NaN,0.02147,0.00000,0.00000,0.00000,0.55589
1.00000,0.00000,1.00000,1.00000,0.02290,0.00000,0.00000,0.00000,0.42326
0.00000,0.00000,-36.50000,NaN,0.00386,0.00000,0.00000,0.00000,0.23405
0.00000,0.00000,-35.50000,NaN,0.01641,0.00000,0.00000,0.00000,0.32958
1.00000,0.00000,0.50000,1.50000,0.12883,0.00000,0.00000,0.00000,0.42383
0.00000,0.00000,-17.00000,NaN,0.01475,0.00000,0.00000,0.00000,0.20908
1.00000,0.00000,0.50000,1.00000,0.08436,0.00000,0.00000,0.00000,0.29608
1.00000,0.00000,1.00000,1.00000,0.01418,0.00000,0.00000,0.00000,0.50633
0.00000,0.00000,23.50000,NaN,0.01251,0.00000,0.00000,0.00000,0.35731
0.00000,0.00000,-1.50000,NaN,0.00695,0.00000,0.00000,0.00000,0.22387
1.00000,0.00000,-1.00000,1.00000,0.03445,0.00000,0.00000,0.00000,0.42556
0.00000,0.00000,0.50000,NaN,0.01344,0.00000,0.00000,0.00000,0.42143
1.00000,0.00000,1.00000,1.00000,0.02300,0.00000,0.00000,0.00000,0.54705
1.00000,0.00000,1.00000,1.00000,0.02889,0.00000,0.00000,0.00000,0.50376
1.00000,0.00000,-1.00000,1.50000,0.01584,0.00000,0.00000,0.00000,0.18429
1.00000,0.00000,1.00000,2.00000,0.01907,0.00000,0.00000,0.00000,0.25001
1.00000,0.00000,-1.00000,1.00000,0.10024,0.00000,0.00000,0.00000,0.10056
1.00000,0.00000,0.50000,1.50000,0.03729,0.00000,0.00000,0.00000,0.22430
1.00000,0.00000,0.50000,1.00000,0.01531,0.00000,0.00000,0.00000,0.08669
1.00000,0.00000,-1.00000,1.00000,0.10812,0.00000,0.00000,0.00000,0.15263
1.00000,0.00000,-1.50000,1.50000,0.00802,0.00000,0.00000,0.00000,0.17769
0.00000,0.00000,1.50000,NaN,0.00347,0.00000,0.00000,0.00000,0.09978
0.00000,0.00000,1.50000,NaN,0.00624,0.00000,0.00000,0.00000,0.13107
0.00000,0.00000,1.00000,NaN,0.02883,0.00000,0.00000,0.00000,0.31515
0.00000,0.00000,-32.00000,NaN,0.00561,0.00000,0.00000,0.00000,0.21333
0.00000,0.00000,1.00000,NaN,0.00667,0.00000,0.00000,0.00000,0.17784
0.00000,0.00000,-2.00000,NaN,0.00481,0.00000,0.00000,0.00000,0.24394
0.00000,0.00000,0.50000,NaN,0.00721,0.00000,0.00000,0.00000,0.15946
0.00000,0.00000,0.50000,NaN,0.00745,0.00000,0.00000,0.00000,0.20819
1.00000,0.00000,-0.50000,2.00000,0.01087,0.00000,0.00000,0.00000,0.17626
0.00000,0.00000,-27.00000,NaN,0.02349,0.00000,0.00000,0.00000,0.15631
0.00000,0.00000,-40.00000,NaN,0.01472,0.00000,0.00000,0.00000,0.18495
0.00000,0.00000,-11.00000,NaN,0.03260,0.00000,0.00000,0.00000,0.37056
1.00000,0.00000,1.00000,2.00000,0.00707,0.00000,0.00000,0.00000,0.19806
0.00000,0.00000,-37.50000,NaN,0.00509,0.00000,0.00000,0.00000,0.24231
0.00000,0.00000,23.50000,NaN,0.00735,0.00000,0.00000,0.00000,0.35370
1.00000,0.00000,0.50000,1.50000,0.06698,0.00000,0.00000,0.00000,0.46530
1.00000,0.00000,0.50000,1.00000,0.03563,0.00000,0.00000,0.00000,0.53924
1.00000,0.00000,-1.00000,1.00000,0.01890,0.00000,0.00000,0.00000,0.52608
1.00000,0.00000,-0.50000,1.50000,0.20685,0.00000,0.00000,0.00000,0.42443
1.00000,0.00000,-0.50000,1.00000,0.07507,0.00000,0.00000,0.00000,0.46229
1.00000,0.00000,0.50000,1.50000,0.04758,0.00000,0.00000,0.00000,0.40877
1.00000,0.00000,1.00000,1.50000,0.04440,0.00000,0.00000,0.00000,0.49680
1.00000,0.00000,0.50000,1.00000,0.16684,0.00000,0.00000,0.00000,0.36869
1.00000,0.00000,0.50000,1.00000,0.22380,0.00000,0.00000,0.00000,0.47016
1.00000,0.00000,1.00000,1.50000,0.03068,0.00000,0.00000,0.00000,0.58885
1.00000,0.00000,-1.50000,2.00000,0.01166,0.00000,0.00000,0.00000,0.16549
1.00000,0.00000,1.00000,1.00000,0.02007,0.00000,0.00000,0.00000,0.04603
1.00000,0.00000,1.50000,2.50000,0.01821,0.00000,0.00000,0.00000,0.18030
0.00000,0.00000,1.50000,NaN,0.01577,0.00000,0.00000,0.00000,0.00915
1.00000,0.00000,0.50000,1.50000,0.03603,0.00000,0.00000,0.00000,0.11838
1.00000,0.00000,1.00000,1.50000,0.01526,0.00000,0.00000,0.00000,0.04142
1.00000,0.00000,0.50000,1.00000,0.24821,0.00000,0.00000,0.00000,0.39351
1.00000,0.00000,0.50000,1.00000,0.06392,0.00000,0.00000,0.00000,0.26011
1.00000,0.00000,-1.00000,1.50000,0.14356,0.00000,0.00000,0.00000,0.30978
0.00000,0.00000,18.00000,NaN,0.01157,0.00000,0.00000,0.00000,0.30223
1.00000,0.00000,1.00000,1.00000,0.15174,0.00000,0.00000,0.00000,0.37461
1.00000,0.00000,21.00000,1.00000,0.01059,0.00000,0.00000,0.00000,0.50454
1.00000,0.00000,-1.00000,1.50000,0.01245,0.00000,0.00000,0.00000,0.18086
0.00000,0.00000,1.00000,NaN,0.01314,0.00000,0.00000,0.00000,0.19097
0.00000,0.00000,-13.00000,NaN,0.01265,0.00000,0.00000,0.00000,0.23370
0.00000,0.00000,22.50000,NaN,0.01613,0.00000,0.00000,0.00000,0.16739
0.00000,0.00000,28.50000,NaN,0.00656,0.00000,0.00000,0.00000,0.43631
1.00000,0.00000,1.00000,1.00000,0.02261,0.00000,0.00000,0.00000,0.34748
0.00000,0.00000,1.00000,NaN,0.01263,0.00000,0.00000,0.00000,0.45068
1.00000,0.00000,-0.50000,1.50000,0.04231,0.00000,0.00000,0.00000,0.09142
1.00000,0.00000,0.50000,1.00000,0.05925,0.00000,0.00000,0.00000,0.24387
1.00000,0.00000,1.50000,1.00000,0.01188,0.00000,0.00000,0.00000,0.21136
1.00000,0.00000,0.50000,2.00000,0.02909,0.00000,0.00000,0.00000,0.09916
0.00000,0.00000,1.00000,NaN,0.01680,0.00000,0.00000,0.00000,0.12972
1.00000,0.00000,-1.00000,2.00000,0.01971,0.00000,0.00000,0.00000,0.25658
1.00000,0.00000,-0.50000,1.00000,0.04951,0.00000,0.00000,0.00000,0.15702
1.00000,0.00000,-1.00000,1.50000,0.01011,0.00000,0.00000,0.00000,0.10946
1.00000,0.00000,0.50000,1.50000,0.02673,0.00000,0.00000,0.00000,0.15507
0.00000,0.00000,-0.50000,NaN,0.02158,0.00000,0.00000,0.00000,0.48491
1.00000,0.00000,-1.00000,1.50000,0.01957,0.00000,0.00000,0.00000,0.57300
1.00000,0.00000,1.50000,2.00000,0.01595,0.00000,0.00000,0.00000,0.50211
1.00000,0.00000,0.50000,1.50000,0.01436,0.00000,0.00000,0.00000,0.45317
1.00000,0.00000,0.50000,1.50000,0.01648,0.00000,0.00000,0.00000,0.40242
1.00000,0.00000,1.00000,1.50000,0.02932,0.00000,0.00000,0.00000,0.31931
1.00000,0.00000,1.00000,1.50000,0.04817,0.00000,0.00000,0.00000,0.29908
1.00000,0.00000,-0.50000,1.00000,0.05235,0.00000,0.00000,0.00000,0.42962
1.00000,0.00000,0.50000,1.00000,0.01809,0.00000,0.00000,0.00000,0.38370
1.00000,0.00000,-1.00000,1.50000,0.03079,0.00000,0.00000,0.00000,0.41398
0.00000,0.00000,0.00000,NaN,0.00946,0.00000,0.00000,0.00000,0.29212
1.00000,0.00000,0.50000,1.00000,0.03800,0.00000,0.00000,0.00000,0.45938
0.00000,0.00000,29.50000,NaN,0.00781,0.00000,0.00000,0.00000,0.19367
0.00000,0.00000,33.50000,NaN,0.00571,0.00000,0.00000,0.00000,0.16528
1.00000,0.00000,1.00000,1.00000,0.04394,0.00000,0.00000,0.00000,0.44728
0.00000,0.00000,-9.00000,NaN,0.00468,0.00000,0.00000,0.00000,0.25169
0.00000,0.00000,-12.50000,NaN,0.00561,0.00000,0.00000,0.00000,0.32806
1.00000,0.00000,0.50000,1.50000,0.04311,0.00000,0.00000,0.00000,0.24064
1.00000,0.00000,1.00000,1.50000,0.04892,0.00000,0.00000,0.00000,0.40598
0.00000,0.00000,10.00000,NaN,0.00821,0.00000,0.00000,0.00000,0.45796
1.00000,0.00000,-1.00000,1.50000,0.02296,0.00000,0.00000,0.00000,0.35348
1.00000,0.00000,1.50000,1.50000,0.02911,0.00000,0.00000,0.00000,0.07833
1.00000,0.00000,-1.00000,1.50000,0.01094,0.00000,0.00000,0.00000,0.18179
0.00000,0.00000,19.00000,NaN,0.00980,0.00000,0.00000,0.00000,0.28642
1.00000,0.00000,-17.00000,1.50000,0.01689,0.00000,0.00000,0.00000,0.42110
1.00000,0.00000,2.00000,1.00000,0.01527,0.00000,0.00000,0.00000,0.51924
0.00000,0.00000,-37.50000,NaN,0.00693,0.00000,0.00000,0.00000,0.31979
0.00000,0.00000,-40.00000,NaN,0.01132,0.00000,0.00000,0.00000,0.38856
0.00000,0.00000,1.00000,NaN,0.01315,0.00000,0.00000,0.00000,0.30128
1.00000,0.00000,1.50000,1.50000,0.01507,0.00000,0.00000,0.00000,0.24818
1.00000,0.00000,1.00000,1.50000,0.01721,0.00000,0.00000,0.00000,0.23276
1.00000,0.00000,1.50000,1.50000,0.02641,0.00000,0.00000,0.00000,0.24127
1.00000,0.00000,-1.50000,1.00000,0.01121,0.00000,0.00000,0.00000,0.19545
1.00000,0.00000,1.50000,1.00000,0.00867,0.00000,0.00000,0.00000,0.25535
0.00000,0.00000,-1.00000,NaN,0.01294,0.00000,0.00000,0.00000,0.23382
0.00000,0.00000,-36.50000,NaN,0.00633,0.00000,0.00000,0.00000,0.35585
1.00000,0.00000,-1.50000,1.50000,0.01159,0.00000,0.00000,0.00000,0.44171
1.00000,0.00000,1.00000,1.50000,0.06446,0.00000,0.00000,0.00000,0.58321
0.00000,0.00000,-35.00000,NaN,0.00659,0.00000,0.00000,0.00000,0.52920
1.00000,0.00000,0.50000,1.50000,0.28067,0.00000,0.00000,0.00000,0.46138
1.00000,0.00000,0.50000,1.00000,0.33575,0.00000,0.00000,0.00000,0.59248
0.00000,0.00000,15.00000,NaN,0.01016,0.00000,0.00000,0.00000,0.33978
0.00000,0.00000,-23.00000,NaN,0.00494,0.00000,0.00000,0.00000,0.13734
0.00000,0.00000,-32.00000,NaN,0.00660,0.00000,0.00000,0.00000,0.09092
0.00000,0.00000,-7.00000,NaN,0.00516,0.00000,0.00000,0.00000,0.19002
0.00000,0.00000,-29.00000,NaN,0.00976,0.00000,0.00000,0.00000,0.10695
0.00000,0.00000,33.00000,NaN,0.00653,0.00000,0.00000,0.00000,0.12089
1.00000,0.00000,-15.00000,1.00000,0.01951,0.00000,0.00000,0.00000,0.45021
0.00000,0.00000,25.00000,NaN,0.00864,0.00000,0.00000,0.00000,0.25754
0.00000,0.00000,1.00000,NaN,0.00861,0.00000,0.00000,0.00000,0.31373
1.00000,0.00000,11.50000,1.00000,0.00777,0.00000,0.00000,0.00000,0.23833
0.00000,0.00000,-1.50000,NaN,0.00653,0.00000,0.00000,0.00000,0.33324
0.00000,0.00000,0.50000,NaN,0.00449,0.00000,0.00000,0.00000,0.37301
